Curr Rank,Prev Rank,Drug Name,Category,Utilizers,Claims,Plan Cost,% of Total Plan Cost,Plan Cost PMPM,Plan Cost/Claim*,Member Cost/Claim,Member Cost Share,Prev Utilizers,Prev Claims,Prev Plan Cost,Claims PMPM Trend*,Plan Cost/Claim Trend*,Plan Cost PMPM Trend,Plan Cost Trend,Srx
1,18,MOUNJARO,Diabetes,"7,812","54,218","$ 51,838,552.35",6.2%,$ 9.16,$ 900.13,$ 33.83,3.4%,"5,216","7,080","$ 6,296,048.11",607.3%,4.2%,637.1%,723.4%,N
2,1,HUMIRA,Inflammatory Disorder,899,"7,057","$ 50,498,194.86",6.0%,$ 8.92,"$ 7,148.67",$ 927.40,11.5%,920,"7,150","$ 45,587,843.11",-11.6%,12.1%,-0.8%,10.8%,Y
3,3,STELARA,Inflammatory Disorder,276,"1,188","$ 23,055,438.25",2.7%,$ 4.07,"$ 10,829.23","$ 2,145.43",10.0%,251,"1,118","$ 21,234,652.16",-6.8%,4.3%,-2.8%,8.6%,Y
4,4,TRULICITY,Diabetes,"3,533","19,569","$ 20,053,132.60",2.4%,$ 3.54,$ 808.72,$ 41.56,3.9%,"3,859","19,037","$ 20,644,961.04",-16.3%,3.8%,-13.0%,-2.9%,N
5,5,BIKTARVY,HIV Infection,610,"3,716","$ 19,593,281.98",2.3%,$ 3.46,"$ 3,513.23",$ 336.07,6.0%,562,"3,521","$ 16,967,417.94",-2.5%,6.0%,3.4%,15.5%,N
6,7,DUPIXENT,Skin - Immunosuppressant,953,"6,724","$ 18,950,695.46",2.3%,$ 3.35,"$ 2,734.19",$ 931.83,24.8%,667,"4,866","$ 12,741,533.63",26.1%,5.6%,33.2%,48.7%,Y
7,9,SKYRIZI,Inflammatory Disorder,349,"1,115","$ 18,347,073.40",2.2%,$ 3.24,"$ 6,339.69","$ 2,973.38",15.3%,226,710,"$ 10,887,503.22",41.3%,6.7%,50.9%,68.5%,Y
8,2,OZEMPIC,Diabetes,"2,682","13,639","$ 15,013,218.24",1.8%,$ 2.65,$ 796.33,$ 89.84,7.5%,"7,252","30,330","$ 31,287,611.79",-59.3%,5.5%,-57.0%,-52.0%,N
9,6,ENBREL,Inflammatory Disorder,305,"2,384","$ 13,794,762.57",1.6%,$ 2.44,"$ 5,767.04","$ 1,077.05",15.7%,332,"2,563","$ 12,890,636.84",-16.6%,14.9%,-4.2%,7.0%,Y
10,10,DESCOVY,HIV Infection,822,"4,842","$ 13,465,955.84",1.6%,$ 2.38,"$ 2,043.39",$ 127.65,4.4%,705,"3,947","$ 10,287,088.92",6.6%,9.9%,17.2%,30.9%,N
11,8,JARDIANCE,Diabetes,"3,620","16,155","$ 13,439,216.94",1.6%,$ 2.37,$ 480.40,$ 54.42,6.1%,"2,841","13,388","$ 10,955,671.72",8.0%,1.7%,9.8%,22.7%,N
12,21,RINVOQ,Inflammatory Disorder,316,"2,173","$ 11,703,277.16",1.4%,$ 2.07,"$ 5,385.77",$ 932.04,14.8%,210,"1,255","$ 5,898,812.00",54.3%,15.1%,77.6%,98.4%,Y
13,11,KEYTRUDA,Oncology,116,646,"$ 9,646,625.16",1.2%,$ 1.70,"$ 14,932.86","$ 1,400.94",8.6%,110,660,"$ 9,454,387.50",-12.4%,4.2%,-8.7%,2.0%,Y
14,12,VYVANSE,Attention Deficit,"5,948","29,800","$ 9,287,355.13",1.1%,$ 1.64,$ 305.33,$ 50.11,13.9%,"5,066","31,263","$ 9,408,842.12",-15.1%,4.1%,-11.6%,-1.3%,N
15,14,FARXIGA,Diabetes,"2,567","11,334","$ 9,031,631.35",1.1%,$ 1.60,$ 459.23,$ 54.11,6.4%,"1,996","9,293","$ 7,202,119.82",12.0%,0.2%,12.3%,25.4%,N
16,15,TALTZ,Inflammatory Disorder,194,"1,471","$ 9,014,980.32",1.1%,$ 1.59,"$ 6,128.47","$ 1,203.29",16.4%,182,"1,171","$ 7,101,631.94",12.5%,1.1%,13.6%,26.9%,Y
17,13,TREMFYA,Inflammatory Disorder,200,773,"$ 8,733,594.37",1.0%,$ 1.54,"$ 5,834.06","$ 1,984.82",14.9%,175,667,"$ 7,366,031.19",7.0%,-0.8%,6.1%,18.6%,Y
18,17,TRIKAFTA,Lung Disorders,41,379,"$ 8,198,416.93",1.0%,$ 1.45,"$ 21,518.15","$ 3,326.33",13.3%,34,362,"$ 6,799,243.34",-5.8%,14.6%,7.9%,20.6%,Y
19,23,ELIQUIS,Anticoagulation,"2,644","11,561","$ 7,670,790.91",0.9%,$ 1.36,$ 450.16,$ 46.02,6.5%,"1,995","8,775","$ 5,685,396.51",16.6%,3.6%,20.8%,34.9%,N
20,19,OCREVUS,Multiple Sclerosis,134,229,"$ 6,932,708.53",0.8%,$ 1.22,"$ 27,842.20","$ 5,268.50",14.8%,113,216,"$ 6,256,399.49",-2.2%,1.5%,-0.8%,10.8%,Y
21,20,OTEZLA,Inflammatory Disorder,293,"1,851","$ 6,452,334.36",0.8%,$ 1.14,"$ 3,485.86","$ 1,085.23",23.7%,285,"1,839","$ 6,083,122.37",-9.9%,5.4%,-5.0%,6.1%,Y
22,26,OPDIVO,Oncology,53,471,"$ 6,136,221.22",0.7%,$ 1.08,"$ 13,028.07","$ 1,020.21",7.3%,62,560,"$ 4,904,869.88",-24.7%,48.7%,12.0%,25.1%,Y
23,31,NURTEC ODT,Migraine - CGRP Inhibitors,"1,164","4,701","$ 5,817,939.90",0.7%,$ 1.03,"$ 1,231.83",$ 69.74,5.3%,944,"3,623","$ 3,990,537.43",15.1%,13.4%,30.5%,45.8%,N
24,166,UNKNOWN,UNKNOWN,"20,937","27,304","$ 5,631,153.45",0.7%,$ 0.99,$ 187.99,$ 6.00,2.8%,"1,372","1,806","$ 775,109.04","1,375.1%",-55.9%,550.4%,626.5%,N
25,24,ENTYVIO,Inflammatory Disorder,192,"1,027","$ 5,210,785.95",0.6%,$ 0.92,"$ 5,039.44","$ 2,179.80",30.1%,194,"1,076","$ 5,379,738.39",-15.1%,2.1%,-13.3%,-3.1%,Y
26,37,UBRELVY,Migraine - CGRP Inhibitors,"1,163","4,416","$ 4,901,617.67",0.6%,$ 0.87,"$ 1,095.58",$ 60.36,5.2%,988,"3,461","$ 3,473,139.29",13.7%,11.1%,26.3%,41.1%,N
27,27,GENVOYA,HIV Infection,142,699,"$ 4,706,407.71",0.6%,$ 0.83,"$ 3,639.91",$ 206.41,3.0%,161,821,"$ 4,870,943.16",-20.3%,8.5%,-13.5%,-3.4%,N
28,28,XARELTO,Anticoagulation,"1,303","5,787","$ 4,617,711.91",0.6%,$ 0.82,$ 452.50,$ 80.93,9.2%,"1,436","6,335","$ 4,851,270.81",-18.6%,4.7%,-14.8%,-4.8%,N
29,29,HUMALOG,Diabetes,954,"4,756","$ 4,615,167.33",0.6%,$ 0.82,$ 636.40,$ 41.16,4.1%,919,"5,080","$ 4,750,035.60",-11.9%,-1.3%,-13.0%,-2.8%,N
30,35,EMTRICITABINE-TENOFOVIR DISOP,HIV Infection,534,"2,048","$ 4,491,769.42",0.5%,$ 0.79,"$ 1,159.76",$ 1.98,0.1%,454,"1,688","$ 3,690,009.47",12.8%,-3.4%,9.0%,21.7%,N
31,25,JANUVIA,Diabetes,"1,375","5,821","$ 4,438,692.00",0.5%,$ 0.78,$ 441.05,$ 52.54,6.4%,"1,444","6,535","$ 5,015,173.04",-22.5%,2.3%,-20.8%,-11.5%,N
32,33,LINZESS,Bowel Disease,"2,140","6,672","$ 4,366,124.77",0.5%,$ 0.77,$ 441.83,$ 62.94,8.8%,"1,936","6,255","$ 3,840,614.06",-2.9%,4.8%,1.8%,13.7%,N
33,32,HEMLIBRA,Bleeding Disorders,8,139,"$ 4,331,598.90",0.5%,$ 0.77,"$ 31,162.58",$ 700.36,2.2%,12,140,"$ 3,924,263.84",-11.1%,11.2%,-1.2%,10.4%,Y
34,49,VRAYLAR,Psychiatric Disorders,713,"2,680","$ 4,310,387.60",0.5%,$ 0.76,"$ 1,230.13",$ 85.07,5.0%,452,"1,826","$ 2,803,382.04",33.0%,3.5%,37.7%,53.8%,N
35,67,OMNITROPE,Growth Disorders,94,768,"$ 4,019,274.96",0.5%,$ 0.71,"$ 5,233.43",$ 148.92,2.8%,73,491,"$ 2,310,428.13",40.0%,11.2%,55.7%,74.0%,Y
36,81,VERZENIO,Oncology,52,351,"$ 3,810,065.26",0.5%,$ 0.67,"$ 10,854.89","$ 3,645.50",25.1%,26,180,"$ 1,849,473.28",74.6%,5.6%,84.4%,106.0%,Y
37,59,DOVATO,HIV Infection,162,940,"$ 3,765,859.49",0.5%,$ 0.67,"$ 2,668.93",$ 176.82,4.2%,115,673,"$ 2,442,458.52",28.4%,7.5%,38.0%,54.2%,N
38,36,DEXCOM G6 SENSOR,Diabetic Testing,"1,561","7,537","$ 3,737,423.35",0.4%,$ 0.66,$ 323.70,$ 26.81,5.1%,"1,479","7,466","$ 3,506,202.98",-7.7%,3.3%,-4.6%,6.6%,N
39,34,TRIUMEQ,HIV Infection,118,622,"$ 3,642,975.40",0.4%,$ 0.64,"$ 3,299.80",$ 294.99,4.8%,136,717,"$ 3,725,570.13",-18.3%,7.2%,-12.5%,-2.2%,N
40,62,DARZALEX FASPRO,Oncology,35,331,"$ 3,582,882.49",0.4%,$ 0.63,"$ 10,824.42",$ 814.56,7.0%,31,299,"$ 2,395,006.25",-0.9%,35.1%,33.9%,49.6%,Y
41,53,TRELEGY ELLIPTA,Asthma - COPD,"1,353","5,349","$ 3,569,078.73",0.4%,$ 0.63,$ 559.77,$ 51.98,7.2%,"1,023","4,038","$ 2,645,371.78",18.6%,1.9%,20.8%,34.9%,N
42,39,COSENTYX,Inflammatory Disorder,85,628,"$ 3,483,151.13",0.4%,$ 0.62,"$ 5,546.42","$ 1,615.62",22.6%,92,603,"$ 3,278,433.84",-6.8%,2.0%,-4.9%,6.2%,Y
43,45,BOTOX,Neuromuscular Disorders,"1,052","3,758","$ 3,198,760.31",0.4%,$ 0.57,$ 756.92,$ 36.82,4.1%,972,"3,376","$ 2,897,864.77",11.3%,-11.2%,-1.2%,10.4%,Y
44,40,OCTAGAM,Immunological Disorders,85,883,"$ 3,186,094.76",0.4%,$ 0.56,"$ 3,608.26",$ 3.52,0.1%,80,864,"$ 3,127,708.79",-8.5%,-0.3%,-8.8%,1.9%,Y
45,38,TYSABRI,Multiple Sclerosis,64,511,"$ 3,165,479.13",0.4%,$ 0.56,"$ 6,194.68","$ 1,513.60",19.6%,61,593,"$ 3,375,003.90",-22.9%,8.8%,-16.0%,-6.2%,Y
46,54,EMGALITY,Migraine - CGRP Inhibitors,737,"4,779","$ 3,125,342.88",0.4%,$ 0.55,$ 619.12,$ 54.39,7.7%,664,"4,162","$ 2,627,166.69",2.1%,4.4%,6.5%,19.0%,N
47,56,FABRAZYME,Enzyme Deficiency,9,197,"$ 3,117,689.35",0.4%,$ 0.55,"$ 15,825.83","$ 1,829.96",10.4%,8,168,"$ 2,606,344.15",5.0%,2.0%,7.1%,19.6%,Y
48,47,TRINTELLIX,Depression,"1,147","5,391","$ 3,103,083.16",0.4%,$ 0.55,$ 381.31,$ 87.32,13.2%,"1,168","5,253","$ 2,861,001.12",-7.1%,4.6%,-2.9%,8.5%,N
49,68,REXULTI,Psychiatric Disorders,428,"1,914","$ 3,099,757.57",0.4%,$ 0.55,"$ 1,252.93",$ 107.45,6.2%,365,"1,512","$ 2,298,262.66",13.4%,6.5%,20.7%,34.9%,N
50,16,RYBELSUS,Diabetes,690,"2,745","$ 2,896,283.04",0.3%,$ 0.51,$ 811.97,$ 84.04,7.4%,"1,547","6,673","$ 6,880,302.82",-63.4%,2.9%,-62.3%,-57.9%,N
51,60,TAKHZYRO,Hereditary Angioedema,8,84,"$ 2,892,137.26",0.3%,$ 0.51,"$ 34,430.21","$ 8,299.19",19.4%,7,78,"$ 2,432,159.24",-3.6%,10.4%,6.5%,18.9%,Y
52,46,ODEFSEY,HIV Infection,87,519,"$ 2,872,782.16",0.3%,$ 0.51,"$ 3,298.26",$ 188.05,3.3%,98,625,"$ 2,871,515.65",-16.6%,7.4%,-10.4%,0.0%,N
53,22,REVLIMID,Oncology,36,192,"$ 2,814,405.59",0.3%,$ 0.50,"$ 14,658.36","$ 2,051.19",12.3%,46,328,"$ 5,741,258.38",-47.6%,-16.3%,-56.1%,-51.0%,Y
54,51,SPRYCEL,Oncology,27,245,"$ 2,800,204.63",0.3%,$ 0.49,"$ 11,429.41","$ 2,018.58",15.0%,24,242,"$ 2,692,294.92",-9.4%,2.7%,-6.9%,4.0%,Y
55,44,XOLAIR,Asthma - COPD,209,"1,890","$ 2,795,479.13",0.3%,$ 0.49,"$ 1,473.63",$ 793.44,34.9%,191,"1,924","$ 2,910,899.47",-11.9%,-2.4%,-14.0%,-4.0%,Y
56,76,ENTRESTO,Heart Failure,656,"3,095","$ 2,788,721.46",0.3%,$ 0.49,$ 561.22,$ 69.25,7.1%,488,"2,379","$ 1,973,239.82",20.6%,4.9%,26.5%,41.3%,N
57,69,GAMUNEX-C,Immunological Disorders,55,788,"$ 2,714,852.02",0.3%,$ 0.48,"$ 3,445.24",$ 240.69,6.5%,50,789,"$ 2,296,370.31",-10.6%,18.4%,5.8%,18.2%,Y
58,42,PERJETA,Oncology,48,328,"$ 2,714,408.55",0.3%,$ 0.48,"$ 8,275.64","$ 1,440.14",14.8%,49,370,"$ 2,958,642.46",-20.6%,3.5%,-17.9%,-8.3%,Y
59,48,ADVAIR DISKUS,Asthma - COPD,"1,923","5,611","$ 2,708,203.56",0.3%,$ 0.48,$ 357.09,$ 12.80,2.6%,"1,951","5,563","$ 2,839,840.12",-14.2%,-0.5%,-14.6%,-4.6%,N
60,66,ORENCIA,Inflammatory Disorder,113,825,"$ 2,682,925.13",0.3%,$ 0.47,"$ 3,232.44","$ 1,147.86",26.1%,98,725,"$ 2,345,543.13",2.5%,-0.1%,2.4%,14.4%,Y
61,58,SYMBICORT,Asthma - COPD,"2,481","7,037","$ 2,602,475.69",0.3%,$ 0.46,$ 315.83,$ 43.35,10.5%,"2,405","6,927","$ 2,461,522.31",-9.0%,4.0%,-5.3%,5.7%,N
62,63,IBRANCE,Oncology,31,212,"$ 2,601,701.23",0.3%,$ 0.46,"$ 12,272.18","$ 2,604.31",17.5%,26,211,"$ 2,374,236.53",-10.0%,9.1%,-1.9%,9.6%,Y
63,101,KRYSTEXXA,Gout,9,102,"$ 2,598,044.97",0.3%,$ 0.46,"$ 25,471.03","$ 1,222.96",4.6%,8,60,"$ 1,559,187.89",52.2%,-2.0%,49.2%,66.6%,Y
64,41,HUMALOG KWIKPEN U-100,Diabetes,"1,002","3,613","$ 2,522,065.00",0.3%,$ 0.45,$ 504.72,$ 36.51,5.0%,"1,134","4,424","$ 3,110,013.69",-26.9%,-0.6%,-27.4%,-18.9%,N
65,50,TRESIBA FLEXTOUCH U-200,Diabetes,639,"2,910","$ 2,476,434.78",0.3%,$ 0.44,$ 561.04,$ 63.83,7.0%,660,"3,247","$ 2,750,251.54",-17.1%,-2.7%,-19.4%,-10.0%,N
66,64,PROLIA,Osteoporosis,829,"1,580","$ 2,400,493.24",0.3%,$ 0.42,"$ 1,350.11",$ 561.25,27.0%,887,"1,641","$ 2,361,745.64",-14.6%,6.5%,-9.0%,1.6%,Y
67,79,CIMZIA,Inflammatory Disorder,102,731,"$ 2,373,364.99",0.3%,$ 0.42,"$ 3,185.72","$ 1,019.78",23.9%,97,619,"$ 1,872,933.87",7.1%,6.0%,13.4%,26.7%,Y
68,133,TECENTRIQ,Oncology,17,130,"$ 2,304,101.16",0.3%,$ 0.41,"$ 17,723.86",$ 487.79,2.7%,17,103,"$ 1,098,840.89",13.0%,66.1%,87.7%,109.7%,Y
69,78,CABOMETYX,Oncology,15,124,"$ 2,276,011.34",0.3%,$ 0.40,"$ 18,354.93","$ 2,698.84",12.8%,16,119,"$ 1,887,260.62",-6.7%,15.7%,8.0%,20.6%,Y
70,71,XELJANZ XR,Inflammatory Disorder,76,517,"$ 2,272,321.41",0.3%,$ 0.40,"$ 4,395.21","$ 1,066.62",19.5%,74,551,"$ 2,217,174.61",-16.9%,10.4%,-8.2%,2.5%,Y
71,172,RYLAZE,Oncology,1,19,"$ 2,187,473.74",0.3%,$ 0.39,"$ 115,130.20",$ 109.34,0.1%,2,15,"$ 738,771.68",13.4%,133.8%,165.1%,196.1%,Y
72,61,GAMMAGARD LIQUID,Immunological Disorders,59,521,"$ 2,175,639.57",0.3%,$ 0.38,"$ 4,175.89",$ 523.58,11.1%,57,498,"$ 2,420,436.49",-6.3%,-14.1%,-19.5%,-10.1%,Y
73,102,AIMOVIG,Migraine - CGRP Inhibitors,453,"2,907","$ 2,124,006.39",0.3%,$ 0.38,$ 652.54,$ 52.63,6.7%,393,"2,237","$ 1,556,780.82",12.7%,8.4%,22.1%,36.4%,N
74,334,LENALIDOMIDE,Oncology,20,132,"$ 2,063,627.51",0.3%,$ 0.36,"$ 15,633.54",$ 460.63,2.9%,11,24,"$ 320,323.69",392.4%,17.1%,476.8%,544.2%,Y
75,98,JAKAFI,Oncology,17,150,"$ 1,999,412.58",0.2%,$ 0.35,"$ 13,329.42","$ 1,944.42",12.7%,12,135,"$ 1,633,247.46",-0.5%,10.2%,9.6%,22.4%,Y
76,305,OMNIPOD 5 G6 PODS (GEN 5),Diabetic Testing,439,"2,581","$ 1,937,946.25",0.2%,$ 0.34,$ 570.99,$ 32.49,4.1%,175,417,"$ 357,572.36",398.1%,-2.6%,385.2%,442.0%,N
77,43,REMICADE,Inflammatory Disorder,247,"1,279","$ 1,911,395.49",0.2%,$ 0.34,"$ 1,412.71","$ 1,213.81",44.8%,293,"1,935","$ 2,916,999.53",-39.0%,-3.9%,-41.3%,-34.5%,Y
78,96,CREON,Enzyme Deficiency,215,755,"$ 1,855,630.24",0.2%,$ 0.33,"$ 2,096.76",$ 64.46,2.6%,213,714,"$ 1,661,394.08",-6.1%,6.5%,0.0%,11.7%,N
79,97,SYNJARDY XR,Diabetes,481,"2,376","$ 1,850,338.57",0.2%,$ 0.33,$ 462.70,$ 52.15,6.3%,426,"2,206","$ 1,635,318.02",0.4%,0.9%,1.3%,13.1%,N
80,136,KESIMPTA PEN,Multiple Sclerosis,32,263,"$ 1,845,529.12",0.2%,$ 0.33,"$ 7,017.22","$ 1,780.44",20.2%,18,154,"$ 1,027,994.91",52.9%,5.1%,60.7%,79.5%,Y
81,73,BREO ELLIPTA,Asthma - COPD,"1,117","4,601","$ 1,844,158.47",0.2%,$ 0.33,$ 331.62,$ 50.94,11.3%,"1,393","5,507","$ 2,115,008.20",-24.2%,2.9%,-21.9%,-12.8%,N
82,83,NOVOLOG,Diabetes,369,"1,351","$ 1,803,849.06",0.2%,$ 0.32,$ 641.48,$ 103.19,7.2%,352,"1,246","$ 1,780,392.56",-8.7%,-0.6%,-9.3%,1.3%,N
83,91,ULTOMIRIS,Blood Cell Disorders,5,31,"$ 1,798,417.35",0.2%,$ 0.32,"$ 58,013.46",$ 619.80,1.1%,5,32,"$ 1,713,797.42",-13.3%,8.3%,-6.1%,4.9%,Y
84,94,BENLYSTA,Immunological Disorders,66,675,"$ 1,797,140.16",0.2%,$ 0.32,"$ 2,662.43",$ 983.07,27.0%,66,680,"$ 1,682,578.26",-11.1%,7.6%,-4.4%,6.8%,Y
85,204,METHYLPHENIDATE ER,Attention Deficit,"2,262","10,236","$ 1,792,188.50",0.2%,$ 0.32,$ 170.41,$ 9.46,5.1%,"1,688","9,024","$ 629,636.05",3.6%,145.9%,154.8%,184.6%,N
86,88,TIVICAY,HIV Infection,111,473,"$ 1,738,344.63",0.2%,$ 0.31,"$ 2,197.65",$ 103.98,2.8%,115,496,"$ 1,740,456.77",-17.0%,7.7%,-10.6%,-0.1%,N
87,109,SYMTUZA,HIV Infection,48,248,"$ 1,698,089.21",0.2%,$ 0.30,"$ 4,331.86",$ 326.83,4.6%,42,230,"$ 1,416,546.86",0.0%,7.3%,7.3%,19.9%,N
88,75,TRESIBA FLEXTOUCH U-100,Diabetes,800,"3,157","$ 1,672,155.18",0.2%,$ 0.30,$ 344.63,$ 64.96,10.9%,880,"3,620","$ 1,976,247.57",-20.0%,-5.3%,-24.2%,-15.4%,N
89,77,SOMATULINE DEPOT,Growth Disorders,28,244,"$ 1,652,338.67",0.2%,$ 0.29,"$ 6,771.88","$ 1,566.54",18.8%,33,250,"$ 1,893,104.47",-12.6%,-10.6%,-21.9%,-12.7%,Y
90,650,ONCASPAR,Oncology,6,27,"$ 1,649,257.23",0.2%,$ 0.29,"$ 61,083.60",$ 37.34,0.1%,3,3,"$ 99,947.47",705.7%,83.3%,"1,377.3%","1,550.1%",Y
91,152,MIRCERA,Blood Cell Disorders,105,608,"$ 1,639,508.84",0.2%,$ 0.29,"$ 2,696.56",$ 10.73,0.4%,96,683,"$ 874,718.78",-20.3%,110.6%,67.8%,87.4%,Y
92,99,XIGDUO XR,Diabetes,442,"2,124","$ 1,610,925.50",0.2%,$ 0.28,$ 428.21,$ 55.33,6.8%,452,"2,200","$ 1,585,968.82",-9.0%,-0.1%,-9.1%,1.6%,N
93,80,VUMERITY,Multiple Sclerosis,34,234,"$ 1,607,877.46",0.2%,$ 0.28,"$ 6,871.27","$ 1,591.21",18.8%,38,301,"$ 1,861,591.04",-30.4%,11.1%,-22.7%,-13.6%,Y
94,123,INFLECTRA,Inflammatory Disorder,137,632,"$ 1,601,887.59",0.2%,$ 0.28,"$ 2,530.63",$ 967.23,27.6%,67,431,"$ 1,206,814.51",31.5%,-9.6%,18.8%,32.7%,Y
95,361,TRODELVY,Oncology,7,119,"$ 1,585,899.94",0.2%,$ 0.28,"$ 13,326.89",$ 430.73,3.1%,3,32,"$ 277,502.94",232.9%,53.7%,411.6%,471.5%,Y
96,65,NEULASTA,Blood Cell Disorders,101,310,"$ 1,584,806.95",0.2%,$ 0.28,"$ 5,112.28",$ 370.49,6.8%,173,679,"$ 2,346,140.72",-59.1%,48.0%,-39.5%,-32.5%,Y
97,0,KIMMTRAK,Oncology,1,37,"$ 1,579,806.19",0.2%,$ 0.28,"$ 42,697.46",$ 28.56,0.1%,0,0,$ 0.00,,,,,Y
98,82,BASAGLAR KWIKPEN U-100,Diabetes,"1,022","4,224","$ 1,551,189.60",0.2%,$ 0.27,$ 235.92,$ 84.70,18.7%,"1,167","5,053","$ 1,836,479.08",-25.5%,1.6%,-24.4%,-15.5%,N
99,106,XIFAXAN,Bacterial Infections,276,565,"$ 1,532,689.07",0.2%,$ 0.27,"$ 2,436.71",$ 97.23,3.5%,251,518,"$ 1,462,780.36",-9.6%,3.8%,-6.2%,4.8%,N
100,120,IMBRUVICA,Oncology,11,118,"$ 1,514,589.76",0.2%,$ 0.27,"$ 12,835.51","$ 2,275.28",15.1%,9,94,"$ 1,249,424.60",12.4%,-3.4%,8.5%,21.2%,Y
101,122,ACTEMRA,Inflammatory Disorder,74,560,"$ 1,513,875.05",0.2%,$ 0.27,"$ 2,703.35",$ 793.59,22.7%,60,487,"$ 1,213,582.71",2.9%,8.5%,11.7%,24.7%,Y
102,57,XYWAV,Sleep Disorders,28,106,"$ 1,512,823.58",0.2%,$ 0.27,"$ 14,271.92",$ 861.35,5.7%,29,169,"$ 2,538,515.43",-43.8%,-5.0%,-46.6%,-40.4%,Y
103,116,ADCETRIS,Oncology,7,48,"$ 1,493,013.62",0.2%,$ 0.26,"$ 31,104.45",$ 316.08,1.0%,8,92,"$ 1,334,762.80",-53.3%,114.4%,0.1%,11.9%,Y
104,86,ROSUVASTATIN CALCIUM,Cholesterol - Statins,"16,560","62,430","$ 1,478,807.76",0.2%,$ 0.26,$ 11.20,$ 5.98,20.2%,"14,167","53,271","$ 1,767,795.58",5.6%,-29.1%,-25.1%,-16.3%,N
105,89,JANUMET XR,Diabetes,452,"2,128","$ 1,478,465.84",0.2%,$ 0.26,$ 399.48,$ 51.08,6.8%,526,"2,552","$ 1,734,274.46",-24.8%,1.5%,-23.7%,-14.8%,N
106,119,EPIDIOLEX,Anti-Convulsants,31,330,"$ 1,459,892.01",0.2%,$ 0.26,"$ 4,423.92",$ 312.96,6.6%,30,306,"$ 1,271,059.61",-4.1%,7.2%,2.8%,14.9%,Y
107,104,RESTASIS,Eye Disorders,604,"1,475","$ 1,439,249.90",0.2%,$ 0.25,$ 576.62,$ 26.21,2.6%,644,"1,599","$ 1,512,120.41",-14.7%,-0.1%,-14.8%,-4.8%,N
108,107,XIIDRA,Eye Disorders,505,"1,520","$ 1,437,882.86",0.2%,$ 0.25,$ 577.93,$ 90.36,8.7%,533,"1,749","$ 1,462,227.40",-18.1%,7.4%,-12.0%,-1.7%,N
109,227,IMFINZI,Oncology,26,163,"$ 1,411,295.33",0.2%,$ 0.25,"$ 8,658.25","$ 1,953.94",18.4%,13,66,"$ 541,166.84",121.1%,5.6%,133.5%,160.8%,Y
110,135,EPINEPHRINE,Anaphylaxis,"4,360","5,346","$ 1,410,135.64",0.2%,$ 0.25,$ 260.99,$ 14.70,5.3%,"3,451","4,100","$ 1,069,699.68",16.8%,1.0%,18.0%,31.8%,N
111,205,DEXTROAMPHETAMINE-AMPHET ER,Attention Deficit,"6,065","30,401","$ 1,403,211.47",0.2%,$ 0.25,$ 45.35,$ 8.28,15.2%,"4,523","28,205","$ 628,758.34",-2.1%,104.1%,99.8%,123.2%,N
112,72,TROKENDI XR,Anti-Convulsants,227,"1,510","$ 1,400,873.68",0.2%,$ 0.25,$ 862.61,$ 25.74,2.7%,334,"2,125","$ 2,198,593.50",-48.2%,10.1%,-43.0%,-36.3%,N
113,84,PRIVIGEN,Immunological Disorders,44,402,"$ 1,391,757.52",0.2%,$ 0.25,"$ 3,462.08",$ 156.09,4.3%,41,556,"$ 1,778,238.68",-35.3%,8.2%,-29.9%,-21.7%,Y
114,156,ILARIS,Inflammatory Disorder,4,41,"$ 1,388,019.53",0.2%,$ 0.25,"$ 33,048.08","$ 2,547.72",7.0%,4,25,"$ 846,139.87",34.3%,9.4%,46.9%,64.0%,Y
115,113,PROMACTA,Blood Cell Disorders,20,154,"$ 1,386,837.15",0.2%,$ 0.25,"$ 8,889.98","$ 1,934.67",17.7%,23,176,"$ 1,376,001.47",-20.6%,13.7%,-9.8%,0.8%,Y
116,114,MAVENCLAD,Multiple Sclerosis,9,17,"$ 1,385,867.63",0.2%,$ 0.24,"$ 51,328.43",$ 510.54,0.6%,11,20,"$ 1,374,030.92",9.9%,-17.8%,-9.7%,0.9%,Y
117,95,SHINGRIX,Vaccination,"5,329","7,275","$ 1,375,051.23",0.2%,$ 0.24,$ 188.91,$ 5.40,2.8%,"6,670","9,349","$ 1,670,453.99",-30.3%,5.7%,-26.3%,-17.7%,N
118,534,ORLADEYO,Hereditary Angioedema,4,37,"$ 1,369,028.08",0.2%,$ 0.24,"$ 37,000.76","$ 5,123.18",12.2%,2,5,"$ 140,413.15",562.5%,31.8%,772.9%,875.0%,Y
119,158,LUPRON DEPOT,Oncology,203,648,"$ 1,365,866.64",0.2%,$ 0.24,"$ 2,075.79",$ 96.17,4.4%,153,519,"$ 832,435.77",11.8%,31.4%,46.9%,64.1%,Y
120,129,POMALYST,Oncology,10,66,"$ 1,364,584.37",0.2%,$ 0.24,"$ 20,675.52",$ 586.05,2.8%,8,58,"$ 1,130,546.10",1.9%,6.1%,8.1%,20.7%,Y
121,100,MESALAMINE,Inflammatory Disorder,518,"1,898","$ 1,331,137.68",0.2%,$ 0.24,$ 404.11,$ 18.99,2.6%,529,"1,760","$ 1,572,532.39",-3.9%,-21.2%,-24.2%,-15.4%,N
122,199,CABENUVA,HIV Infection,43,231,"$ 1,329,006.93",0.2%,$ 0.23,"$ 4,205.72",$ 460.79,7.4%,27,137,"$ 648,630.19",66.4%,10.2%,83.4%,104.9%,Y
123,105,ALBUTEROL SULFATE HFA,Asthma - COPD,"29,272","50,143","$ 1,306,326.33",0.2%,$ 0.23,$ 24.95,$ 9.09,25.9%,"28,359","48,267","$ 1,497,144.72",-7.2%,-15.9%,-21.9%,-12.7%,N
124,190,ENHERTU,Oncology,16,125,"$ 1,301,011.34",0.2%,$ 0.23,"$ 10,408.09",$ 248.34,2.3%,9,77,"$ 679,667.45",45.3%,17.9%,71.4%,91.4%,Y
125,117,BUPRENORPHINE-NALOXONE,Chemical Dependency,574,"5,359","$ 1,298,193.08",0.2%,$ 0.23,$ 240.76,$ 7.01,2.8%,583,"5,256","$ 1,286,203.23",-8.6%,-1.1%,-9.6%,0.9%,N
126,70,SOLIRIS,Blood Cell Disorders,5,43,"$ 1,281,579.89",0.2%,$ 0.23,"$ 29,804.18",$ 440.93,1.5%,6,69,"$ 2,235,250.56",-44.2%,-8.0%,-48.7%,-42.7%,Y
127,30,NORDITROPIN FLEXPRO,Growth Disorders,49,226,"$ 1,278,725.50",0.2%,$ 0.23,"$ 5,658.08",$ 365.01,6.1%,104,778,"$ 4,256,161.87",-74.0%,3.4%,-73.1%,-70.0%,Y
128,90,YERVOY,Oncology,14,69,"$ 1,271,574.64",0.2%,$ 0.22,"$ 18,428.62",$ 922.68,4.8%,20,80,"$ 1,721,466.14",-22.8%,-14.4%,-33.9%,-26.1%,Y
129,160,REPATHA,Cholesterol - PCSK9,458,"1,862","$ 1,247,448.95",0.2%,$ 0.22,$ 477.77,$ 58.84,8.1%,235,"1,403","$ 807,880.31",29.5%,6.7%,38.2%,54.4%,N
130,325,KISQALI,Oncology,12,93,"$ 1,245,853.24",0.2%,$ 0.22,"$ 13,396.27","$ 2,143.58",13.8%,5,29,"$ 337,222.77",187.1%,15.2%,230.7%,269.4%,Y
131,0,DEXCOM G7 SENSOR,Diabetic Testing,820,"2,690","$ 1,234,350.65",0.2%,$ 0.22,$ 318.95,$ 24.33,5.0%,0,0,$ 0.00,,,,,N
132,121,NOVOLOG FLEXPEN,Diabetes,447,"1,445","$ 1,228,686.82",0.2%,$ 0.22,$ 514.74,$ 76.42,8.2%,420,"1,342","$ 1,244,341.79",-8.7%,-3.2%,-11.6%,-1.3%,N
133,125,MYRBETRIQ,Incontinence - Anticholinergic,455,"2,465","$ 1,215,716.36",0.1%,$ 0.21,$ 380.39,$ 57.20,10.4%,541,"2,527","$ 1,173,292.33",-11.0%,4.2%,-7.2%,3.6%,N
134,339,TAGRISSO,Oncology,13,112,"$ 1,210,375.69",0.1%,$ 0.21,"$ 10,806.93","$ 2,571.15",19.2%,4,30,"$ 315,612.16",234.2%,2.7%,243.3%,283.5%,Y
135,169,KYPROLIS,Oncology,14,245,"$ 1,202,437.95",0.1%,$ 0.21,"$ 4,907.91",$ 164.89,3.3%,10,243,"$ 757,640.63",-9.7%,57.4%,42.1%,58.7%,Y
136,215,DEXTROAMPHETAMINE-AMPHETAMINE,Attention Deficit,"7,208","41,298","$ 1,185,483.08",0.1%,$ 0.21,$ 28.17,$ 7.97,21.7%,"7,030","42,393","$ 582,235.38",-13.2%,110.0%,82.3%,103.6%,N
137,124,MVASI,Oncology,22,218,"$ 1,183,605.13",0.1%,$ 0.21,"$ 5,429.38",$ 178.77,3.2%,43,394,"$ 1,199,559.64",-50.5%,78.3%,-11.7%,-1.3%,Y
138,103,XEMBIFY,Immunological Disorders,24,404,"$ 1,172,301.00",0.1%,$ 0.21,"$ 2,901.74",$ 889.65,23.5%,27,411,"$ 1,527,279.72",-12.0%,-21.9%,-31.3%,-23.2%,Y
139,110,XTANDI,Oncology,15,107,"$ 1,162,125.55",0.1%,$ 0.21,"$ 10,860.99","$ 1,616.73",13.0%,16,139,"$ 1,404,231.28",-31.1%,7.5%,-25.9%,-17.2%,Y
140,338,PHESGO,Oncology,15,95,"$ 1,156,760.34",0.1%,$ 0.20,"$ 12,176.42","$ 1,346.93",10.0%,7,31,"$ 316,220.71",174.4%,19.4%,227.5%,265.8%,Y
141,128,EYLEA,Eye Disorders,202,947,"$ 1,138,813.96",0.1%,$ 0.20,"$ 1,202.55",$ 787.29,39.6%,181,869,"$ 1,135,251.34",-2.4%,-7.9%,-10.2%,0.3%,Y
142,0,GENOTROPIN,Growth Disorders,46,250,"$ 1,119,958.57",0.1%,$ 0.20,"$ 4,479.83",$ 417.61,8.5%,0,0,$ 0.00,,,,,Y
143,92,LENVIMA,Oncology,18,63,"$ 1,118,776.16",0.1%,$ 0.20,"$ 17,758.35","$ 5,527.68",23.7%,13,91,"$ 1,698,514.71",-38.0%,-4.9%,-41.0%,-34.1%,Y
144,183,LYNPARZA,Oncology,17,105,"$ 1,118,460.35",0.1%,$ 0.20,"$ 10,652.00","$ 2,223.01",17.3%,9,58,"$ 709,895.24",62.1%,-13.0%,41.1%,57.6%,Y
145,112,JANUMET,Diabetes,337,"1,498","$ 1,104,160.41",0.1%,$ 0.20,$ 412.62,$ 52.54,6.7%,419,"1,897","$ 1,376,289.00",-29.4%,1.8%,-28.2%,-19.8%,N
146,127,ERLEADA,Oncology,12,86,"$ 1,095,631.15",0.1%,$ 0.19,"$ 12,739.90","$ 1,876.60",12.8%,13,92,"$ 1,136,399.58",-16.3%,3.1%,-13.7%,-3.6%,Y
147,176,ZENPEP,Enzyme Deficiency,89,279,"$ 1,086,546.74",0.1%,$ 0.19,"$ 2,912.99",$ 62.72,1.6%,59,219,"$ 720,442.57",18.4%,14.0%,35.0%,50.8%,N
148,130,LO LOESTRIN FE,Contraceptives,878,"3,099","$ 1,086,375.85",0.1%,$ 0.19,$ 157.26,$ 0.23,0.1%,986,"3,510","$ 1,121,205.78",-20.8%,9.5%,-13.3%,-3.1%,N
149,642,FULPHILA,Blood Cell Disorders,149,571,"$ 1,085,625.88",0.1%,$ 0.19,"$ 1,901.27",$ 555.49,22.6%,26,57,"$ 101,755.77",796.8%,6.5%,855.1%,966.9%,Y
150,175,HIZENTRA,Immunological Disorders,24,383,"$ 1,076,808.01",0.1%,$ 0.19,"$ 2,811.51",$ 140.62,4.8%,18,320,"$ 728,094.01",7.2%,23.6%,32.4%,47.9%,Y
151,137,MIRENA,Contraceptives,936,953,"$ 1,063,535.28",0.1%,$ 0.19,$ 930.48,$ 12.96,1.1%,956,976,"$ 1,020,496.47",1.9%,-8.5%,-6.7%,4.2%,Y
152,174,TRULANCE,Bowel Disease,667,"1,777","$ 1,063,364.82",0.1%,$ 0.19,$ 455.60,$ 62.98,9.5%,517,"1,348","$ 735,771.20",23.1%,5.1%,29.4%,44.5%,N
153,132,GAMMAPLEX,Immunological Disorders,14,153,"$ 1,023,319.76",0.1%,$ 0.18,"$ 6,688.36",$ 2.88,0.0%,15,209,"$ 1,111,628.29",-34.5%,25.7%,-17.6%,-7.9%,Y
154,206,ABRAXANE,Oncology,23,202,"$ 1,021,487.00",0.1%,$ 0.18,"$ 5,056.87",$ 220.84,4.2%,28,207,"$ 627,509.04",-12.6%,66.8%,45.7%,62.8%,Y
155,157,TRUXIMA,Oncology,58,211,"$ 1,021,434.77",0.1%,$ 0.18,"$ 4,840.92",$ 258.58,5.1%,37,141,"$ 836,721.24",34.0%,-18.4%,9.3%,22.1%,Y
156,131,BUPROPION XL,Depression,"11,659","47,385","$ 1,009,360.56",0.1%,$ 0.18,$ 11.43,$ 8.42,28.3%,"10,493","42,705","$ 1,118,516.53",0.4%,-19.5%,-19.2%,-9.8%,N
157,194,KALYDECO,Lung Disorders,4,45,"$ 955,721.52",0.1%,$ 0.17,"$ 21,238.26","$ 3,449.91",14.0%,3,36,"$ 664,272.54",11.9%,15.1%,28.8%,43.9%,Y
158,379,OLUMIANT,Inflammatory Disorder,45,329,"$ 950,222.11",0.1%,$ 0.17,"$ 2,888.21",$ 876.65,23.3%,22,112,"$ 251,238.26",163.0%,28.8%,238.6%,278.2%,Y
159,138,BRILINTA,Anticoagulation,401,"1,678","$ 944,789.77",0.1%,$ 0.17,$ 336.70,$ 55.82,9.0%,414,"1,822","$ 991,707.39",-15.0%,0.3%,-14.7%,-4.7%,N
160,149,FASENRA,Asthma - COPD,57,261,"$ 944,066.47",0.1%,$ 0.17,"$ 2,378.00","$ 1,713.55",32.1%,57,239,"$ 882,445.12",4.2%,-8.1%,-4.2%,7.0%,Y
161,164,SANDOSTATIN LAR DEPOT,Growth Disorders,16,133,"$ 941,258.13",0.1%,$ 0.17,"$ 7,077.13",$ 799.41,10.1%,16,139,"$ 788,770.84",-14.3%,24.7%,6.8%,19.3%,Y
162,147,ESTRADIOL (TWICE WEEKLY),Hormone Therapy,"2,134","8,677","$ 936,287.06",0.1%,$ 0.17,$ 60.25,$ 13.88,11.4%,"1,913","7,827","$ 898,428.25",-3.0%,-3.8%,-6.7%,4.2%,N
163,93,XYREM,Sleep Disorders,13,63,"$ 929,323.30",0.1%,$ 0.16,"$ 14,751.16","$ 2,266.76",13.3%,17,124,"$ 1,686,298.97",-54.5%,8.5%,-50.7%,-44.9%,Y
164,148,KADCYLA,Oncology,16,131,"$ 928,532.30",0.1%,$ 0.16,"$ 7,088.03","$ 1,245.67",14.9%,11,121,"$ 892,282.65",-3.1%,-3.9%,-6.8%,4.1%,Y
165,154,PROCYSBI,Urological Disorders,1,17,"$ 925,374.16",0.1%,$ 0.16,"$ 54,433.77",$ 51.71,0.1%,1,11,"$ 866,112.82",38.4%,-30.9%,-4.3%,6.8%,Y
166,159,ESTRADIOL,Vaginal Disorders,"3,700","6,885","$ 912,412.53",0.1%,$ 0.16,$ 65.96,$ 13.01,8.9%,"3,001","5,675","$ 821,193.06",17.6%,-15.4%,-0.5%,11.1%,N
167,87,TEPEZZA,Eye Disorders,3,12,"$ 909,318.00",0.1%,$ 0.16,"$ 75,776.50","$ 4,999.50",6.2%,5,71,"$ 1,749,111.79",-84.9%,207.6%,-53.5%,-48.0%,Y
168,282,IDELVION,Bleeding Disorders,2,13,"$ 905,732.91",0.1%,$ 0.16,"$ 69,671.76",$ 923.08,1.3%,1,5,"$ 395,283.80",132.8%,-11.9%,105.1%,129.1%,Y
169,208,BREZTRI AEROSPHERE,Asthma - COPD,489,"1,451","$ 899,471.31",0.1%,$ 0.16,$ 541.85,$ 56.03,8.3%,410,"1,023","$ 621,334.05",25.5%,3.3%,29.6%,44.8%,N
170,402,BLINCYTO,Oncology,4,61,"$ 895,293.00",0.1%,$ 0.16,"$ 14,676.93",$ 180.51,1.2%,3,38,"$ 226,782.68",43.7%,145.9%,253.4%,294.8%,Y
171,139,TESTOSTERONE,Hormone Therapy,743,"3,687","$ 879,045.57",0.1%,$ 0.16,$ 195.47,$ 12.00,4.8%,707,"3,715","$ 983,426.83",-11.4%,-9.6%,-20.0%,-10.6%,N
172,151,DEXMETHYLPHENIDATE HCL ER,Attention Deficit,"2,555","12,778","$ 873,724.29",0.1%,$ 0.15,$ 67.43,$ 7.72,10.1%,"2,077","10,856","$ 878,001.91",4.7%,-14.9%,-10.9%,-0.5%,N
173,126,ZIRABEV,Oncology,49,437,"$ 864,703.05",0.1%,$ 0.15,"$ 1,978.73",$ 640.83,24.5%,45,475,"$ 1,149,959.12",-17.6%,-18.3%,-32.7%,-24.8%,Y
174,165,ATORVASTATIN CALCIUM,Cholesterol - Statins,"24,901","95,169","$ 856,289.62",0.1%,$ 0.15,$ 4.14,$ 4.96,35.5%,"24,158","91,453","$ 786,292.18",-7.2%,5.1%,-2.5%,8.9%,N
175,146,TRAZIMERA,Oncology,43,330,"$ 852,599.75",0.1%,$ 0.15,"$ 2,583.64",$ 670.48,20.6%,47,374,"$ 901,624.19",-21.0%,7.2%,-15.3%,-5.4%,Y
176,0,LURASIDONE HCL,Psychiatric Disorders,353,"1,394","$ 847,075.88",0.1%,$ 0.15,$ 461.12,$ 10.69,1.7%,0,0,$ 0.00,,,,,N
177,0,LEVEMIR FLEXPEN,Diabetes,473,"1,619","$ 846,782.17",0.1%,$ 0.15,$ 352.09,$ 48.11,8.4%,0,0,$ 0.00,,,,,N
178,0,SODIUM OXYBATE,Sleep Disorders,12,78,"$ 846,766.26",0.1%,$ 0.15,"$ 10,855.98","$ 3,655.58",25.2%,0,0,$ 0.00,,,,,Y
179,173,CIPROFLOXACIN-DEXAMETHASONE,Ear Disorders,"4,693","5,538","$ 841,134.16",0.1%,$ 0.15,$ 151.72,$ 10.66,6.6%,"3,837","4,488","$ 736,470.90",10.5%,-7.5%,2.2%,14.2%,N
180,193,JULUCA,HIV Infection,29,152,"$ 839,950.77",0.1%,$ 0.15,"$ 3,193.73",$ 149.07,2.6%,24,143,"$ 669,914.92",3.7%,8.2%,12.2%,25.4%,N
181,0,PADCEV,Oncology,6,93,"$ 834,525.70",0.1%,$ 0.15,"$ 8,973.39",$ 0.00,0.0%,0,0,$ 0.00,,,,,Y
182,223,RUXIENCE,Oncology,79,314,"$ 829,442.48",0.1%,$ 0.15,"$ 2,641.54",$ 901.79,25.5%,63,323,"$ 555,978.85",-13.0%,53.5%,33.6%,49.2%,Y
183,182,TESTOSTERONE CYPIONATE,Hormone Therapy,"3,873","18,036","$ 815,045.47",0.1%,$ 0.14,$ 34.48,$ 8.54,15.9%,"3,341","16,285","$ 710,583.42",-2.0%,4.8%,2.7%,14.7%,N
184,440,FINGOLIMOD,Multiple Sclerosis,25,208,"$ 812,164.83",0.1%,$ 0.14,"$ 3,904.64",$ 122.46,3.0%,13,27,"$ 197,283.06",589.7%,-46.6%,268.6%,311.7%,Y
185,464,TEZSPIRE,Asthma - COPD,37,264,"$ 811,771.55",0.1%,$ 0.14,"$ 3,074.89",$ 744.94,19.5%,15,43,"$ 183,127.09",449.6%,-27.8%,296.9%,343.3%,Y
186,354,LUTATHERA,Oncology,3,6,"$ 810,411.81",0.1%,$ 0.14,"$ 135,068.63",$ 24.62,0.0%,4,8,"$ 295,450.30",-32.9%,265.7%,145.6%,174.3%,Y
187,263,OPZELURA,Skin - Inflammation,224,496,"$ 803,891.20",0.1%,$ 0.14,"$ 1,563.99",$ 269.54,14.3%,171,278,"$ 445,882.91",65.5%,-2.5%,61.4%,80.3%,N
188,198,CRYSVITA,Electrolyte Balance,2,55,"$ 800,848.30",0.1%,$ 0.14,"$ 14,560.88",$ 327.27,2.2%,2,46,"$ 649,329.61",7.0%,3.2%,10.4%,23.3%,Y
189,153,PREZCOBIX,HIV Infection,43,213,"$ 781,053.92",0.1%,$ 0.14,"$ 2,250.88",$ 166.40,4.3%,49,251,"$ 874,009.95",-26.2%,8.4%,-20.0%,-10.6%,N
190,444,HARVONI,Hepatitis C,14,32,"$ 778,248.40",0.1%,$ 0.14,"$ 24,320.26","$ 6,017.19",19.8%,4,7,"$ 194,239.96",309.2%,-12.4%,258.7%,300.7%,Y
191,118,OFEV,Lung Disorders,10,73,"$ 770,668.45",0.1%,$ 0.14,"$ 10,557.10","$ 1,753.20",14.2%,16,112,"$ 1,276,184.34",-41.6%,-7.3%,-45.9%,-39.6%,Y
192,144,BETASERON,Multiple Sclerosis,11,106,"$ 762,032.21",0.1%,$ 0.13,"$ 7,188.98","$ 1,900.34",20.9%,13,108,"$ 904,832.77",-15.3%,-11.0%,-24.6%,-15.8%,Y
193,267,METOPROLOL SUCCINATE,Hypertension,"10,334","41,125","$ 757,025.66",0.1%,$ 0.13,$ 8.53,$ 9.50,34.0%,"9,908","39,401","$ 441,860.53",-5.9%,63.1%,53.4%,71.3%,N
194,210,SIMPONI ARIA,Inflammatory Disorder,103,625,"$ 752,414.86",0.1%,$ 0.13,"$ 1,203.86",$ 848.31,41.3%,76,508,"$ 610,557.95",9.9%,0.4%,10.3%,23.2%,Y
195,168,LEVOTHYROXINE SODIUM,Endocrine Disorders,"17,488","74,235","$ 750,541.06",0.1%,$ 0.13,$ 4.45,$ 8.40,45.4%,"16,847","69,665","$ 764,024.85",-5.1%,-7.3%,-12.1%,-1.8%,N
196,316,QULIPTA,Migraine - CGRP Inhibitors,171,722,"$ 750,345.73",0.1%,$ 0.13,$ 868.46,$ 121.80,10.5%,110,379,"$ 341,609.91",80.3%,9.1%,96.6%,119.6%,N
197,191,ATOMOXETINE HCL,Attention Deficit,"1,673","5,827","$ 747,292.75",0.1%,$ 0.13,$ 93.77,$ 10.39,7.5%,"1,378","4,908","$ 677,685.09",6.4%,-7.2%,-1.3%,10.3%,N
198,150,LUPRON DEPOT-PED,Oncology,28,73,"$ 744,265.17",0.1%,$ 0.13,"$ 3,702.81",$ 566.17,5.3%,33,91,"$ 880,695.79",-9.6%,-16.3%,-24.3%,-15.5%,Y
199,171,DEXCOM G6 TRANSMITTER,Diabetic Testing,"1,460","3,880","$ 735,314.31",0.1%,$ 0.13,$ 72.83,$ 38.18,16.8%,"1,401","3,808","$ 746,617.29",3.0%,-14.4%,-11.8%,-1.5%,N
200,245,PROGESTERONE,Hormone Therapy,"5,358","19,884","$ 726,175.13",0.1%,$ 0.13,$ 20.18,$ 11.26,23.6%,"4,375","15,867","$ 477,315.54",9.4%,24.5%,36.2%,52.1%,N
201,217,SOOLANTRA,Skin - Inflammation,654,"1,091","$ 714,224.27",0.1%,$ 0.13,$ 628.17,$ 11.75,1.8%,629,944,"$ 570,980.43",4.1%,7.6%,12.0%,25.1%,N
202,279,SEMGLEE (YFGN) PEN,Diabetes,622,"2,158","$ 713,707.73",0.1%,$ 0.13,$ 237.59,$ 36.80,10.0%,386,"1,284","$ 406,373.94",65.1%,-4.8%,57.2%,75.6%,N
203,239,OXTELLAR XR,Anti-Convulsants,66,450,"$ 712,181.61",0.1%,$ 0.13,"$ 1,112.78",$ 97.39,5.8%,63,393,"$ 500,033.11",8.9%,17.1%,27.5%,42.4%,N
204,140,VASCEPA,Cholesterol - Lipids Misc,321,"1,109","$ 706,124.19",0.1%,$ 0.12,$ 295.57,$ 24.18,3.7%,507,"1,661","$ 982,371.11",-36.8%,1.8%,-35.6%,-28.1%,N
205,155,BUDESONIDE,Asthma - COPD,"2,019","4,233","$ 701,599.21",0.1%,$ 0.12,$ 143.92,$ 9.10,5.2%,"2,360","4,585","$ 851,193.69",-17.7%,-10.4%,-26.2%,-17.6%,N
206,201,NEXPLANON,Contraceptives,636,645,"$ 699,440.89",0.1%,$ 0.12,$ 858.21,$ 12.69,1.2%,600,608,"$ 644,774.08",16.2%,-16.4%,-2.9%,8.5%,Y
207,241,NUCALA,Asthma - COPD,41,319,"$ 694,114.38",0.1%,$ 0.12,"$ 2,135.74","$ 1,194.11",35.4%,38,262,"$ 491,350.49",11.1%,13.9%,26.5%,41.3%,Y
208,145,EPCLUSA,Hepatitis C,13,35,"$ 689,173.95",0.1%,$ 0.12,"$ 19,690.68","$ 4,301.49",17.9%,16,41,"$ 903,212.49",-23.6%,-10.6%,-31.7%,-23.7%,Y
209,179,LIVALO,Cholesterol - Statins,374,"1,455","$ 680,155.67",0.1%,$ 0.12,$ 258.03,$ 71.45,13.3%,383,"1,584","$ 717,651.31",-16.2%,1.2%,-15.2%,-5.2%,N
210,356,CAPLYTA,Psychiatric Disorders,112,412,"$ 678,796.03",0.1%,$ 0.12,"$ 1,396.70",$ 88.20,5.1%,59,189,"$ 291,818.63",104.3%,1.9%,108.2%,132.6%,N
211,563,AZSTARYS,Attention Deficit,605,"2,119","$ 673,342.06",0.1%,$ 0.12,$ 314.21,$ 61.68,16.3%,148,419,"$ 128,075.95",355.7%,3.3%,370.7%,425.7%,N
212,163,SYNVISC,Anti-Arthritics,925,"1,525","$ 649,422.95",0.1%,$ 0.11,$ 425.85,$ 0.54,0.1%,"1,046","1,827","$ 791,510.46",-25.3%,-1.7%,-26.5%,-18.0%,Y
213,264,TOUJEO MAX SOLOSTAR,Diabetes,276,883,"$ 648,701.82",0.1%,$ 0.11,$ 484.47,$ 63.35,7.9%,172,682,"$ 445,669.06",21.2%,7.5%,30.3%,45.6%,N
214,178,SPIRIVA RESPIMAT,Asthma - COPD,324,"1,229","$ 645,141.45",0.1%,$ 0.11,$ 430.09,$ 52.30,9.1%,320,"1,365","$ 719,080.24",-22.6%,3.8%,-19.7%,-10.3%,N
215,255,DULERA,Asthma - COPD,701,"2,192","$ 641,884.13",0.1%,$ 0.11,$ 272.33,$ 44.02,13.1%,615,"1,673","$ 463,067.85",18.1%,5.1%,24.1%,38.6%,N
216,209,OPSUMIT,Pulmonary Hypertension,10,63,"$ 617,797.50",0.1%,$ 0.11,"$ 9,806.31","$ 2,197.94",18.3%,8,64,"$ 614,574.64",-11.9%,2.1%,-10.0%,0.5%,Y
217,142,EVEROLIMUS,Oncology,7,62,"$ 617,129.46",0.1%,$ 0.11,"$ 9,953.70",$ 4.16,0.0%,14,104,"$ 934,152.72",-46.6%,10.8%,-40.9%,-33.9%,Y
218,221,HUMALOG KWIKPEN U-200,Diabetes,149,556,"$ 617,044.02",0.1%,$ 0.11,$ 810.83,$ 39.79,3.5%,131,566,"$ 557,630.60",-12.8%,13.6%,-0.9%,10.7%,N
219,286,VENCLEXTA,Oncology,18,77,"$ 614,940.76",0.1%,$ 0.11,"$ 7,986.24","$ 2,294.01",22.3%,11,49,"$ 385,186.69",40.7%,1.6%,42.9%,59.6%,Y
220,314,DEXLANSOPRAZOLE DR,Proton Pump Inhibitors,427,"1,419","$ 614,275.13",0.1%,$ 0.11,$ 215.61,$ 12.85,2.9%,261,854,"$ 342,689.70",51.1%,6.2%,60.5%,79.3%,N
221,301,WAKIX,Sleep Disorders,7,68,"$ 606,398.05",0.1%,$ 0.11,"$ 8,917.62","$ 1,232.25",12.1%,6,47,"$ 364,814.05",29.5%,14.9%,48.8%,66.2%,Y
222,0,ELAHERE,Oncology,2,7,"$ 602,700.06",0.1%,$ 0.11,"$ 86,100.01",$ 45.42,0.1%,0,0,$ 0.00,,,,,Y
223,0,FLUCELVAX QUAD 2023-2024,Vaccination,"13,504","13,531","$ 594,282.51",0.1%,$ 0.10,$ 43.92,$ 1.66,3.6%,0,0,$ 0.00,,,,,N
224,285,BRIVIACT,Anti-Convulsants,61,342,"$ 594,075.63",0.1%,$ 0.10,"$ 1,381.57",$ 118.09,6.4%,47,248,"$ 385,790.17",27.5%,8.2%,37.9%,54.0%,N
225,195,CERDELGA,Enzyme Deficiency,2,25,"$ 591,278.74",0.1%,$ 0.10,"$ 23,651.15","$ 1,331.83",5.3%,2,25,"$ 663,156.82",-10.5%,-10.8%,-20.2%,-10.8%,Y
226,252,DESVENLAFAXINE SUCCINATE ER,Depression,"1,639","7,474","$ 589,237.81",0.1%,$ 0.10,$ 42.93,$ 11.38,12.6%,"1,427","6,361","$ 467,488.42",4.4%,8.1%,12.8%,26.0%,N
227,347,NUVARING,Contraceptives,514,"1,897","$ 588,146.33",0.1%,$ 0.10,$ 148.86,$ 0.51,0.2%,428,"1,035","$ 305,448.02",72.0%,0.2%,72.4%,92.6%,N
228,248,XHANCE,Allergies,219,"1,069","$ 587,895.87",0.1%,$ 0.10,$ 526.79,$ 106.85,16.3%,199,882,"$ 473,982.31",9.0%,1.9%,11.0%,24.0%,N
229,243,MAYZENT,Multiple Sclerosis,13,86,"$ 578,256.56",0.1%,$ 0.10,"$ 6,723.91","$ 2,410.16",26.4%,12,73,"$ 484,613.57",5.5%,1.3%,6.8%,19.3%,Y
230,167,XELJANZ,Inflammatory Disorder,21,133,"$ 578,187.13",0.1%,$ 0.10,"$ 4,282.87","$ 1,044.65",19.4%,31,188,"$ 771,061.69",-38.0%,8.3%,-32.9%,-25.0%,Y
231,170,SIMPONI,Inflammatory Disorder,15,126,"$ 577,103.86",0.1%,$ 0.10,"$ 4,580.19","$ 1,381.13",23.2%,15,144,"$ 750,842.48",-21.7%,-12.2%,-31.2%,-23.1%,Y
232,0,TERIFLUNOMIDE,Multiple Sclerosis,25,123,"$ 571,892.58",0.1%,$ 0.10,"$ 4,649.53",$ 218.69,4.5%,0,0,$ 0.00,,,,,Y
233,232,UPLIZNA,Immunological Disorders,3,5,"$ 570,222.00",0.1%,$ 0.10,"$ 114,044.40","$ 7,999.20",6.6%,3,7,"$ 518,633.00",-36.1%,53.9%,-1.6%,9.9%,Y
234,200,CEREZYME,Enzyme Deficiency,2,43,"$ 557,168.03",0.1%,$ 0.10,"$ 12,957.40",$ 697.67,5.1%,2,49,"$ 645,619.20",-21.4%,-1.7%,-22.7%,-13.7%,Y
235,234,TRETINOIN,Acne,"5,089","9,124","$ 545,476.59",0.1%,$ 0.10,$ 57.88,$ 9.17,13.3%,"4,260","7,206","$ 514,836.47",13.2%,-16.2%,-5.1%,6.0%,N
236,211,GLASSIA,Enzyme Deficiency,4,167,"$ 545,010.96",0.1%,$ 0.10,"$ 3,263.54",$ 146.91,4.3%,6,202,"$ 609,624.80",-26.0%,8.1%,-20.0%,-10.6%,Y
237,371,ZEPOSIA,Multiple Sclerosis,12,77,"$ 543,811.39",0.1%,$ 0.10,"$ 7,062.49","$ 1,456.84",17.1%,5,40,"$ 268,764.10",72.3%,5.1%,81.1%,102.3%,Y
238,270,INLYTA,Oncology,5,39,"$ 539,906.01",0.1%,$ 0.10,"$ 13,843.74","$ 3,007.09",17.8%,6,33,"$ 433,555.72",5.8%,5.4%,11.5%,24.5%,Y
239,184,FLOVENT HFA,Asthma - COPD,"1,295","2,506","$ 538,934.75",0.1%,$ 0.10,$ 195.91,$ 50.75,19.1%,"1,630","3,055","$ 709,830.20",-28.5%,-4.9%,-32.0%,-24.1%,N
240,293,JYNARQUE,Electrolyte Balance,4,37,"$ 538,669.94",0.1%,$ 0.10,"$ 14,558.65","$ 2,847.64",16.4%,2,25,"$ 371,117.74",32.5%,-1.9%,29.9%,45.1%,Y
241,162,ZEJULA,Oncology,7,40,"$ 537,515.78",0.1%,$ 0.09,"$ 13,437.89","$ 3,046.39",18.5%,8,60,"$ 794,053.00",-40.3%,1.5%,-39.4%,-32.3%,Y
242,222,CALQUENCE,Oncology,7,53,"$ 536,551.93",0.1%,$ 0.09,"$ 10,123.62","$ 1,979.66",16.4%,8,51,"$ 556,862.79",-7.0%,-7.3%,-13.7%,-3.6%,Y
243,483,IRINOTECAN HCL,Oncology,71,538,"$ 535,757.60",0.1%,$ 0.09,$ 995.83,$ 13.98,1.4%,54,437,"$ 174,734.94",10.2%,149.1%,174.5%,206.6%,Y
244,236,XIAFLEX,Neuromuscular Disorders,28,115,"$ 535,169.17",0.1%,$ 0.09,"$ 4,181.01",$ 952.35,17.0%,30,83,"$ 510,433.82",36.4%,-31.2%,-6.1%,4.8%,Y
245,840,OPDUALAG,Oncology,2,5,"$ 533,749.04",0.1%,$ 0.09,"$ 106,749.81",$ 48.31,0.0%,1,1,"$ 57,628.41",347.5%,85.2%,729.2%,826.2%,Y
246,247,PROLASTIN C,Enzyme Deficiency,6,58,"$ 531,580.30",0.1%,$ 0.09,"$ 9,165.18",$ 442.24,4.6%,4,45,"$ 475,026.47",15.4%,-13.2%,0.2%,11.9%,Y
247,233,VECTIBIX,Oncology,12,89,"$ 531,564.27",0.1%,$ 0.09,"$ 5,972.63",$ 275.76,4.4%,10,89,"$ 517,344.49",-10.5%,2.7%,-8.0%,2.7%,Y
248,292,DIFICID,Bacterial Infections,73,129,"$ 531,391.70",0.1%,$ 0.09,"$ 4,119.32",$ 97.18,2.3%,49,79,"$ 372,987.51",35.9%,-6.1%,27.5%,42.5%,N
249,203,GLYXAMBI,Diabetes,133,634,"$ 531,208.91",0.1%,$ 0.09,$ 482.92,$ 54.39,6.1%,150,776,"$ 639,279.17",-26.8%,1.6%,-25.6%,-16.9%,N
250,297,VALACYCLOVIR,Viral Infection - Misc,"13,881","31,997","$ 528,862.89",0.1%,$ 0.09,$ 11.83,$ 8.71,34.5%,"13,127","31,228","$ 368,012.07",-7.3%,38.8%,28.7%,43.7%,N
251,306,TYMLOS,Osteoporosis,42,233,"$ 517,889.34",0.1%,$ 0.09,"$ 2,222.70",$ 438.39,16.5%,31,168,"$ 357,107.75",24.2%,4.6%,29.8%,45.0%,Y
252,254,AJOVY,Migraine - CGRP Inhibitors,123,671,"$ 516,969.85",0.1%,$ 0.09,$ 578.91,$ 93.08,10.8%,142,623,"$ 463,088.11",-5.6%,5.9%,-0.1%,11.6%,N
253,482,SAPHNELO,Immunological Disorders,18,141,"$ 516,128.96",0.1%,$ 0.09,"$ 3,660.49","$ 1,222.46",25.0%,10,51,"$ 176,164.94",147.5%,6.0%,162.3%,193.0%,Y
254,188,TADALAFIL,Erectile Dysfunction,"1,792","7,503","$ 515,875.32",0.1%,$ 0.09,$ 54.69,$ 14.27,17.2%,"1,522","6,129","$ 682,001.21",10.0%,-38.4%,-32.3%,-24.4%,N
255,313,TOUJEO SOLOSTAR,Diabetes,301,"1,041","$ 511,509.14",0.1%,$ 0.09,$ 355.21,$ 59.32,10.8%,196,722,"$ 343,396.67",23.8%,7.7%,33.4%,49.0%,N
256,213,PREMARIN,Hormone Therapy,472,"2,615","$ 510,609.46",0.1%,$ 0.09,$ 134.83,$ 86.03,30.6%,594,"3,368","$ 589,669.98",-27.5%,6.9%,-22.5%,-13.4%,N
257,228,HYDROXYCHLOROQUINE SULFATE,Other Infections,"2,378","10,496","$ 501,907.65",0.1%,$ 0.09,$ 29.92,$ 9.87,17.1%,"2,766","11,082","$ 533,979.20",-11.0%,-5.5%,-15.9%,-6.0%,N
258,52,LATUDA,Psychiatric Disorders,168,283,"$ 492,690.73",0.1%,$ 0.09,"$ 1,244.17",$ 116.21,6.3%,345,"1,479","$ 2,690,028.71",-82.3%,-7.6%,-83.6%,-81.7%,N
259,266,ALECENSA,Oncology,4,43,"$ 488,204.27",0.1%,$ 0.09,"$ 11,353.59","$ 2,319.35",17.0%,6,43,"$ 441,992.16",-10.5%,10.5%,-1.1%,10.5%,Y
260,235,SYNJARDY,Diabetes,142,642,"$ 487,697.56",0.1%,$ 0.09,$ 453.25,$ 52.90,6.5%,153,648,"$ 514,685.21",-15.1%,0.0%,-15.2%,-5.2%,N
261,362,VILAZODONE HCL,Depression,633,"2,981","$ 486,059.62",0.1%,$ 0.09,$ 101.24,$ 10.34,6.0%,472,"1,441","$ 276,549.93",87.9%,-16.2%,57.3%,75.8%,N
262,214,PRALUENT PEN,Cholesterol - PCSK9,294,739,"$ 481,940.32",0.1%,$ 0.09,$ 394.39,$ 94.74,12.7%,193,904,"$ 586,210.16",-28.7%,3.3%,-26.4%,-17.8%,N
263,134,KANJINTI,Oncology,16,124,"$ 481,893.68",0.1%,$ 0.09,"$ 3,886.24",$ 39.42,1.0%,37,300,"$ 1,081,496.39",-63.0%,7.8%,-60.1%,-55.4%,Y
264,108,AUBAGIO,Multiple Sclerosis,24,74,"$ 479,370.46",0.1%,$ 0.08,"$ 6,477.98","$ 2,329.23",26.4%,32,219,"$ 1,445,060.94",-70.3%,0.0%,-70.3%,-66.8%,Y
265,231,TACROLIMUS,Immunological Disorders,343,"1,889","$ 478,962.20",0.1%,$ 0.08,$ 148.15,$ 9.70,3.7%,299,"1,659","$ 519,241.84",-0.5%,-17.0%,-17.4%,-7.8%,N
266,312,NPLATE,Blood Cell Disorders,7,83,"$ 477,994.21",0.1%,$ 0.08,"$ 5,758.97",$ 258.09,4.3%,9,131,"$ 347,643.82",-43.3%,117.0%,23.1%,37.5%,Y
267,250,LAMOTRIGINE ER,Anti-Convulsants,279,"1,437","$ 477,102.85",0.1%,$ 0.08,$ 201.82,$ 12.20,3.5%,232,"1,287","$ 469,761.85",1.7%,-10.6%,-9.1%,1.6%,N
268,340,SPRAVATO,Depression,35,476,"$ 477,085.84",0.1%,$ 0.08,"$ 1,002.28",$ 256.83,20.4%,26,317,"$ 314,357.22",34.4%,1.1%,35.9%,51.8%,Y
269,202,BRAFTOVI,Oncology,8,41,"$ 476,371.00",0.1%,$ 0.08,"$ 11,618.80","$ 3,253.41",21.9%,11,63,"$ 640,126.38",-41.7%,14.4%,-33.4%,-25.6%,Y
270,212,ADVAIR HFA,Asthma - COPD,406,"1,143","$ 473,708.14",0.1%,$ 0.08,$ 358.87,$ 54.31,11.6%,471,"1,358","$ 594,941.89",-27.4%,-1.9%,-28.7%,-20.4%,N
271,272,LYUMJEV,Diabetes,95,428,"$ 473,153.71",0.1%,$ 0.08,$ 711.51,$ 57.66,5.0%,77,421,"$ 424,110.74",1.9%,-2.0%,-0.1%,11.6%,N
272,303,ORACEA,Bacterial Infections,137,531,"$ 472,745.58",0.1%,$ 0.08,$ 808.11,$ 22.99,2.5%,125,391,"$ 361,633.21",8.9%,7.5%,17.0%,30.7%,N
273,262,SUCRAID,Enzyme Deficiency,9,49,"$ 469,929.33",0.1%,$ 0.08,"$ 9,590.39",$ 385.64,3.9%,14,48,"$ 445,886.10",-8.6%,3.2%,-5.6%,5.4%,Y
274,226,PANZYGA,Immunological Disorders,7,65,"$ 465,125.60",0.1%,$ 0.08,"$ 7,155.78",$ 115.38,1.6%,9,104,"$ 549,395.60",-44.0%,35.5%,-24.2%,-15.3%,Y
275,143,TASIGNA,Oncology,4,27,"$ 462,290.41",0.1%,$ 0.08,"$ 15,941.05","$ 2,834.99",14.2%,7,60,"$ 916,952.92",-58.1%,7.8%,-54.9%,-49.6%,Y
276,220,APRISO,Inflammatory Disorder,136,592,"$ 459,390.82",0.1%,$ 0.08,$ 453.94,$ 8.99,1.1%,162,792,"$ 560,530.70",-23.9%,-3.6%,-26.6%,-18.0%,N
277,701,HALAVEN,Oncology,5,35,"$ 457,155.07",0.1%,$ 0.08,"$ 13,061.57",$ 524.46,3.9%,3,48,"$ 86,317.51",-34.7%,626.3%,374.1%,429.6%,Y
278,189,EZETIMIBE,Cholesterol - Lipids Misc,"3,773","14,196","$ 457,089.43",0.1%,$ 0.08,$ 15.47,$ 11.16,25.7%,"3,335","12,626","$ 681,910.77",2.6%,-41.5%,-40.0%,-33.0%,N
279,302,DULOXETINE HCL,Depression,"5,805","25,745","$ 454,196.81",0.1%,$ 0.08,$ 9.60,$ 9.43,34.8%,"5,611","25,406","$ 361,993.48",-7.9%,21.9%,12.3%,25.5%,N
280,447,MONTELUKAST SODIUM,Asthma - COPD,"17,682","54,219","$ 452,071.86",0.1%,$ 0.08,$ 4.56,$ 8.10,49.3%,"18,174","54,589","$ 193,060.82",-10.3%,133.8%,109.6%,134.2%,N
281,346,CUVITRU,Immunological Disorders,10,250,"$ 451,505.69",0.1%,$ 0.08,"$ 1,806.02",$ 233.68,11.5%,7,149,"$ 305,879.40",50.2%,-12.0%,32.1%,47.6%,Y
282,192,VENLAFAXINE HCL ER,Depression,"4,825","21,947","$ 450,771.79",0.1%,$ 0.08,$ 10.65,$ 8.74,29.9%,"4,819","22,035","$ 674,898.24",-8.8%,-34.4%,-40.2%,-33.2%,N
283,181,ETONOGESTREL-ETHINYL ESTRADIOL,Contraceptives,555,"2,110","$ 450,229.58",0.1%,$ 0.08,$ 122.38,$ 0.07,0.0%,"1,012","3,371","$ 713,248.49",-45.4%,3.5%,-43.5%,-36.9%,N
284,246,ADEMPAS,Pulmonary Hypertension,5,48,"$ 444,088.59",0.1%,$ 0.08,"$ 9,251.85","$ 3,297.60",26.3%,6,44,"$ 476,779.65",-2.3%,-14.6%,-16.6%,-6.9%,Y
285,881,APRETUDE,HIV Infection,38,121,"$ 443,064.22",0.1%,$ 0.08,"$ 2,751.95",$ 144.23,3.8%,7,16,"$ 49,081.98",620.7%,12.1%,708.2%,802.7%,Y
286,432,TOPIRAMATE ER,Anti-Convulsants,167,473,"$ 436,588.03",0.1%,$ 0.08,$ 572.95,$ 10.45,1.1%,52,259,"$ 204,944.83",87.9%,1.5%,90.7%,113.0%,N
287,410,NUBEQA,Oncology,7,36,"$ 423,573.58",0.1%,$ 0.07,"$ 11,765.93","$ 1,965.95",14.3%,3,21,"$ 218,754.42",53.5%,13.0%,73.3%,93.6%,Y
288,230,MEKTOVI,Oncology,7,40,"$ 423,404.10",0.1%,$ 0.07,"$ 10,585.10","$ 3,522.52",25.0%,7,53,"$ 526,559.89",-32.4%,6.5%,-28.0%,-19.6%,Y
289,251,AVSOLA,Inflammatory Disorder,46,265,"$ 422,778.75",0.1%,$ 0.07,"$ 1,595.39",$ 110.26,6.5%,44,229,"$ 468,791.16",3.6%,-22.1%,-19.3%,-9.8%,Y
290,333,TACROLIMUS,Skin - Immunosuppressant,"1,369","1,828","$ 421,702.21",0.1%,$ 0.07,$ 225.99,$ 12.04,5.0%,"1,006","1,365","$ 324,539.80",20.0%,-3.1%,16.3%,29.9%,N
291,240,SOLIQUA 100-33,Diabetes,97,466,"$ 419,506.21",0.1%,$ 0.07,$ 649.39,$ 60.41,6.3%,111,565,"$ 494,758.36",-24.9%,1.1%,-24.1%,-15.2%,N
292,180,RITUXAN,Oncology,14,37,"$ 411,538.46",0.1%,$ 0.07,"$ 11,122.66","$ 1,381.03",11.0%,43,125,"$ 716,612.77",-73.5%,94.0%,-48.6%,-42.6%,Y
293,311,CLINDAMYCIN PHOSPHATE,Skin - Infection,"5,710","10,798","$ 410,785.32",0.1%,$ 0.07,$ 37.39,$ 8.31,17.9%,"5,258","9,748","$ 347,693.70",-0.1%,5.9%,5.8%,18.1%,N
294,258,XULANE,Contraceptives,642,"2,448","$ 408,867.35",0.1%,$ 0.07,$ 97.49,$ 0.00,0.0%,678,"2,814","$ 452,780.52",-17.0%,-2.6%,-19.2%,-9.7%,N
295,197,REBIF,Multiple Sclerosis,7,59,"$ 403,966.59",0.1%,$ 0.07,"$ 6,846.89","$ 2,709.57",28.4%,11,99,"$ 653,500.00",-46.6%,3.7%,-44.7%,-38.2%,Y
296,284,FAMOTIDINE,Acid Reflux - Ulcers - Misc,"7,205","19,176","$ 402,721.54",0.1%,$ 0.07,$ 12.92,$ 6.63,24.0%,"6,346","16,515","$ 387,263.58",7.3%,-13.2%,-6.9%,4.0%,N
297,416,OXERVATE,Eye Disorders,4,15,"$ 398,158.72",0.1%,$ 0.07,"$ 26,543.91",$ 101.85,0.4%,2,8,"$ 214,317.58",67.9%,-0.9%,66.3%,85.8%,Y
298,281,ASCENIV,Immunological Disorders,1,11,"$ 397,676.00",0.1%,$ 0.07,"$ 36,152.36","$ 1,363.64",3.6%,1,12,"$ 401,007.00",-17.9%,8.2%,-11.2%,-0.8%,Y
299,367,SUNOSI,Sleep Disorders,83,474,"$ 392,144.85",0.1%,$ 0.07,$ 728.89,$ 60.92,6.9%,67,364,"$ 271,730.15",18.6%,8.9%,29.2%,44.3%,N
300,187,DARZALEX,Oncology,7,61,"$ 390,902.31",0.1%,$ 0.07,"$ 6,408.23",$ 172.99,2.6%,12,84,"$ 688,602.60",-35.0%,-21.8%,-49.2%,-43.2%,Y
301,249,HUMALOG MIX 75-25 KWIKPEN,Diabetes,81,433,"$ 390,090.27",0.1%,$ 0.07,$ 655.61,$ 37.59,4.0%,101,551,"$ 471,645.27",-26.1%,0.2%,-26.0%,-17.3%,N
302,775,PONVORY,Multiple Sclerosis,6,49,"$ 389,070.67",0.1%,$ 0.07,"$ 7,940.22","$ 1,222.05",13.3%,2,8,"$ 67,668.96",448.3%,-6.1%,414.7%,475.0%,Y
303,0,AREXVY,Vaccination,"1,364","1,366","$ 383,790.71",0.1%,$ 0.07,$ 280.96,$ 3.05,1.1%,0,0,$ 0.00,,,,,N
304,322,FENOFIBRATE,Cholesterol - Lipids Misc,"3,103","12,298","$ 381,022.88",0.1%,$ 0.07,$ 14.43,$ 9.52,23.5%,"3,135","12,205","$ 338,422.22",-9.6%,11.5%,0.8%,12.6%,N
305,307,AUSTEDO,Neurological Disorders,5,51,"$ 380,066.06",0.1%,$ 0.07,"$ 7,452.28",$ 879.29,10.6%,4,41,"$ 356,564.35",11.4%,-14.3%,-4.6%,6.6%,Y
306,85,VICTOZA 3-PAK,Diabetes,68,209,"$ 379,060.70",0.1%,$ 0.07,$ 926.80,$ 114.76,6.0%,471,"1,378","$ 1,767,921.02",-81.0%,1.2%,-80.8%,-78.6%,N
307,365,CYCLOPHOSPHAMIDE,Oncology,122,613,"$ 378,941.20",0.1%,$ 0.07,$ 618.17,$ 9.17,1.5%,124,574,"$ 273,067.76",-4.4%,29.9%,24.2%,38.8%,Y
308,335,INVEGA SUSTENNA,Psychiatric Disorders,19,146,"$ 377,595.12",0.0%,$ 0.07,"$ 2,586.27",$ 109.52,4.1%,20,133,"$ 319,883.87",-1.7%,7.5%,5.7%,18.0%,Y
309,350,EMEND,Nausea,432,"1,214","$ 376,812.04",0.0%,$ 0.07,$ 310.39,$ 2.98,0.9%,392,"1,024","$ 298,188.50",6.1%,6.6%,13.1%,26.4%,Y
310,186,ACTHAR,Immunological Disorders,2,6,"$ 375,254.95",0.0%,$ 0.07,"$ 62,542.49",$ 679.30,1.1%,2,13,"$ 697,223.14",-58.7%,16.6%,-51.8%,-46.2%,Y
311,283,SYNAGIS,Viral Infection - Misc,39,132,"$ 370,514.34",0.0%,$ 0.07,"$ 2,806.93",$ 551.85,16.4%,41,145,"$ 390,239.19",-18.5%,4.3%,-15.0%,-5.1%,Y
312,358,ZOLADEX,Oncology,41,265,"$ 369,741.71",0.0%,$ 0.07,"$ 1,395.25",$ 43.64,3.0%,34,231,"$ 283,420.92",2.7%,13.7%,16.8%,30.5%,Y
313,275,KYLEENA,Contraceptives,339,342,"$ 369,651.12",0.0%,$ 0.07,$ 919.53,$ 16.25,1.5%,390,396,"$ 414,863.96",-12.2%,-9.1%,-20.2%,-10.9%,Y
314,348,VAGIFEM,Vaginal Disorders,351,"1,096","$ 368,134.36",0.0%,$ 0.07,$ 162.75,$ 27.11,7.5%,282,830,"$ 303,605.95",8.7%,-0.1%,8.6%,21.3%,N
315,253,SEROSTIM,Growth Disorders,2,22,"$ 367,860.38",0.0%,$ 0.06,"$ 16,720.93","$ 2,272.73",12.0%,3,28,"$ 463,377.03",-29.7%,1.0%,-28.9%,-20.6%,Y
316,546,PANTOPRAZOLE SODIUM,Proton Pump Inhibitors,"19,179","65,140","$ 365,691.19",0.0%,$ 0.06,$ 2.96,$ 7.57,57.4%,"17,729","60,047","$ 135,340.04",-2.3%,147.5%,141.9%,170.2%,N
317,943,RENFLEXIS,Inflammatory Disorder,86,245,"$ 363,937.42",0.0%,$ 0.06,"$ 1,485.46",$ 768.06,34.1%,4,15,"$ 42,047.11","1,362.2%",-47.0%,674.9%,765.5%,Y
318,161,ALIMTA,Oncology,15,92,"$ 363,762.78",0.0%,$ 0.06,"$ 3,953.94",$ 126.45,3.1%,26,159,"$ 796,514.06",-48.2%,-21.1%,-59.1%,-54.3%,Y
319,0,AMVUTTRA,Neurological Disorders,2,4,"$ 361,424.69",0.0%,$ 0.06,"$ 90,356.17",$ 913.34,1.0%,0,0,$ 0.00,,,,,Y
320,55,GILENYA,Multiple Sclerosis,15,51,"$ 357,286.72",0.0%,$ 0.06,"$ 7,005.62","$ 3,072.52",30.5%,36,337,"$ 2,616,217.99",-86.5%,-9.8%,-87.8%,-86.3%,Y
321,331,GLATIRAMER ACETATE,Multiple Sclerosis,18,161,"$ 356,745.91",0.0%,$ 0.06,"$ 2,215.81",$ 524.99,19.2%,21,143,"$ 325,431.01",0.8%,-2.6%,-1.9%,9.6%,Y
322,296,CELECOXIB,Pain - NSAIDS,"4,559","14,243","$ 353,825.75",0.0%,$ 0.06,$ 16.72,$ 8.70,25.9%,"4,473","14,645","$ 368,885.04",-13.6%,-0.6%,-14.1%,-4.1%,N
323,295,COLESEVELAM HCL,Cholesterol - Lipids Misc,424,"1,296","$ 352,185.11",0.0%,$ 0.06,$ 169.73,$ 10.09,3.6%,408,"1,327","$ 370,000.55",-11.2%,-4.1%,-14.8%,-4.8%,N
324,543,EMFLAZA,Inflammatory - Corticosteroids,3,24,"$ 351,603.92",0.0%,$ 0.06,"$ 14,650.16",$ 150.00,1.0%,1,12,"$ 138,064.86",79.1%,27.3%,128.0%,154.7%,Y
325,315,VIBERZI,Bowel Disease,53,188,"$ 351,384.39",0.0%,$ 0.06,"$ 1,291.85",$ 118.27,6.0%,51,189,"$ 341,922.89",-17.7%,11.8%,-8.0%,2.8%,N
326,321,MULTAQ,Heart Disorders,95,385,"$ 350,393.95",0.0%,$ 0.06,$ 631.34,$ 97.02,9.6%,90,370,"$ 338,441.42",-11.0%,4.1%,-7.3%,3.5%,N
327,600,RADICAVA ORS,Neurological Disorders,5,28,"$ 349,529.82",0.0%,$ 0.06,"$ 12,483.21","$ 1,650.90",11.7%,2,8,"$ 113,646.75",213.3%,-12.1%,175.3%,207.6%,Y
328,219,FLOWFLEX COVID-19 AG HOME TEST,Diagnostic Agents,"3,702","4,426","$ 349,110.18",0.0%,$ 0.06,$ 78.88,$ 0.00,0.0%,"6,958","10,006","$ 566,219.61",-60.4%,39.4%,-44.8%,-38.3%,N
329,273,ESTRADIOL-NORETHINDRONE ACETAT,Hormone Therapy,931,"3,918","$ 342,610.07",0.0%,$ 0.06,$ 44.45,$ 10.10,10.4%,819,"3,682","$ 423,613.42",-0.1%,-27.5%,-27.6%,-19.1%,N
330,405,AMBRISENTAN,Pulmonary Hypertension,5,52,"$ 341,696.24",0.0%,$ 0.06,"$ 6,571.08",$ 39.91,0.6%,4,35,"$ 224,832.38",33.0%,2.3%,36.1%,52.0%,Y
331,310,ORILISSA,Infertility,68,284,"$ 337,906.36",0.0%,$ 0.06,$ 968.21,$ 67.62,5.4%,91,323,"$ 350,119.46",-17.6%,4.8%,-13.6%,-3.5%,Y
332,360,LIVMARLI,Gastrointestinal Disorders,1,12,"$ 337,865.84",0.0%,$ 0.06,"$ 28,155.49",$ 208.33,0.7%,1,11,"$ 280,485.94",-2.3%,10.4%,7.8%,20.5%,Y
333,374,TRIJARDY XR,Diabetes,92,479,"$ 337,850.42",0.0%,$ 0.06,$ 461.54,$ 43.86,5.9%,82,369,"$ 255,119.04",18.1%,0.4%,18.6%,32.4%,N
334,259,ARIPIPRAZOLE,Psychiatric Disorders,"2,192","9,504","$ 332,304.19",0.0%,$ 0.06,$ 24.30,$ 9.72,21.7%,"2,164","8,961","$ 450,347.20",-6.7%,-29.2%,-33.9%,-26.2%,N
335,327,BUPRENORPHINE,Pain - Opioids,141,916,"$ 331,179.46",0.0%,$ 0.06,$ 361.55,$ 7.84,2.1%,139,911,"$ 332,846.07",-10.0%,-1.0%,-10.9%,-0.5%,N
336,141,UNCLASSIFIED,Miscellaneous,80,94,"$ 330,178.53",0.0%,$ 0.06,"$ 3,512.54",$ 57.88,1.6%,61,104,"$ 934,467.42",-19.1%,-60.9%,-68.4%,-64.7%,Y
337,238,XOFLUZA,Viral Infection - Misc,"3,375","3,477","$ 327,693.07",0.0%,$ 0.06,$ 94.25,$ 59.94,38.9%,"5,239","5,358","$ 500,446.52",-41.9%,0.9%,-41.4%,-34.5%,N
338,506,CEFDINIR,Bacterial Infections,"26,038","32,388","$ 327,347.06",0.0%,$ 0.06,$ 10.10,$ 6.27,38.3%,"25,362","31,797","$ 159,124.94",-8.8%,101.9%,84.2%,105.7%,N
339,342,CLOBETASOL PROPIONATE,Skin - Inflammation,"6,392","10,510","$ 325,835.53",0.0%,$ 0.06,$ 30.69,$ 9.04,22.6%,"5,685","9,485","$ 310,814.54",-0.9%,-5.3%,-6.1%,4.8%,N
340,408,LOSARTAN-HYDROCHLOROTHIAZIDE,Hypertension,"4,944","20,050","$ 323,595.57",0.0%,$ 0.06,$ 7.53,$ 11.21,41.0%,"4,635","18,298","$ 222,287.02",0.7%,29.4%,30.3%,45.6%,N
341,488,XYOSTED,Hormone Therapy,97,597,"$ 322,236.01",0.0%,$ 0.06,$ 457.07,$ 136.84,20.2%,59,362,"$ 170,140.15",44.1%,17.7%,69.6%,89.4%,N
342,372,VOTRIENT,Oncology,4,31,"$ 321,467.21",0.0%,$ 0.06,"$ 10,369.91","$ 2,253.58",17.9%,3,24,"$ 260,780.22",15.6%,-4.6%,10.4%,23.3%,Y
343,290,PREMPRO,Hormone Therapy,242,"1,293","$ 318,592.74",0.0%,$ 0.06,$ 163.63,$ 84.94,25.6%,318,"1,679","$ 377,850.90",-28.2%,5.1%,-24.5%,-15.7%,N
344,260,HUMULIN R U-500 KWIKPEN,Diabetes,47,210,"$ 318,113.36",0.0%,$ 0.06,"$ 1,063.92",$ 49.02,3.1%,51,268,"$ 450,141.31",-28.2%,-11.8%,-36.7%,-29.3%,N
345,185,DIMETHYL FUMARATE,Multiple Sclerosis,37,337,"$ 317,714.53",0.0%,$ 0.06,$ 942.77,$ 18.60,1.9%,41,356,"$ 706,278.90",-15.3%,-52.5%,-59.7%,-55.0%,Y
346,224,OSELTAMIVIR PHOSPHATE,Viral Infection - Misc,"11,815","12,226","$ 316,605.32",0.0%,$ 0.06,$ 25.90,$ 7.53,22.5%,"19,499","20,214","$ 554,087.42",-45.9%,-5.5%,-48.8%,-42.9%,N
347,466,TROGARZO,HIV Infection,2,26,"$ 315,661.17",0.0%,$ 0.06,"$ 12,140.81",$ 148.06,1.2%,2,16,"$ 182,790.12",45.5%,6.3%,54.6%,72.7%,Y
348,400,EVENITY,Osteoporosis,39,205,"$ 315,207.00",0.0%,$ 0.06,"$ 1,537.60",$ 796.21,34.1%,28,145,"$ 228,184.24",26.6%,-2.3%,23.7%,38.1%,Y
349,403,ICLUSIG,Oncology,2,17,"$ 313,894.17",0.0%,$ 0.06,"$ 18,464.36","$ 1,432.02",7.2%,2,13,"$ 226,642.25",17.1%,5.9%,24.0%,38.5%,Y
350,329,COPAXONE,Multiple Sclerosis,10,65,"$ 313,650.06",0.0%,$ 0.06,"$ 4,825.39",$ 939.99,16.3%,9,65,"$ 329,905.64",-10.5%,-4.9%,-14.9%,-4.9%,Y
351,458,BOSULIF,Oncology,5,38,"$ 312,771.92",0.0%,$ 0.06,"$ 8,230.84","$ 1,201.01",12.7%,3,19,"$ 187,124.73",79.0%,-16.4%,49.6%,67.1%,Y
352,207,BINAXNOW COVID-19 AG SELF TEST,Diagnostic Agents,"3,381","3,713","$ 308,970.09",0.0%,$ 0.05,$ 83.21,$ 0.03,0.0%,"7,831","9,728","$ 621,643.82",-65.9%,30.3%,-55.5%,-50.3%,N
353,351,OXYCONTIN,Pain - Opioids,84,656,"$ 307,424.84",0.0%,$ 0.05,$ 468.64,$ 46.72,9.1%,94,683,"$ 298,141.98",-14.0%,7.4%,-7.7%,3.1%,N
354,"1,193",SORAFENIB,Oncology,6,44,"$ 307,231.29",0.0%,$ 0.05,"$ 6,982.53",$ 310.86,4.3%,2,3,"$ 21,992.81","1,212.9%",-4.8%,"1,150.6%","1,297.0%",Y
355,612,LIBTAYO,Oncology,5,43,"$ 307,152.70",0.0%,$ 0.05,"$ 7,143.09","$ 2,321.16",24.5%,1,13,"$ 109,544.40",196.1%,-15.2%,151.0%,180.4%,Y
356,0,OGIVRI,Oncology,25,200,"$ 306,859.62",0.0%,$ 0.05,"$ 1,534.30",$ 996.14,39.4%,0,0,$ 0.00,,,,,Y
357,300,NUCYNTA ER,Pain - Opioids,30,316,"$ 306,219.49",0.0%,$ 0.05,$ 969.05,$ 51.02,5.0%,45,395,"$ 365,092.61",-29.5%,6.4%,-24.9%,-16.1%,N
358,364,POTASSIUM CHLORIDE,Electrolyte Balance,"4,415","13,841","$ 305,705.72",0.0%,$ 0.05,$ 12.00,$ 8.72,28.3%,"4,313","14,010","$ 275,426.75",-10.5%,11.0%,-0.6%,11.0%,N
359,386,AVEED,Hormone Therapy,62,224,"$ 302,079.38",0.0%,$ 0.05,"$ 1,227.96",$ 33.55,2.4%,51,196,"$ 246,398.40",11.2%,-1.3%,9.8%,22.6%,Y
360,274,XOSPATA,Oncology,2,15,"$ 299,351.73",0.0%,$ 0.05,"$ 19,956.78",$ 924.77,4.4%,4,21,"$ 418,183.97",-36.1%,0.2%,-35.9%,-28.4%,Y
361,591,GEMTESA,Incontinence - Anticholinergic,141,383,"$ 297,800.30",0.0%,$ 0.05,$ 376.49,$ 112.54,12.6%,72,207,"$ 118,589.90",113.9%,5.1%,124.8%,151.1%,N
362,345,FYCOMPA,Anti-Convulsants,27,211,"$ 296,929.61",0.0%,$ 0.05,"$ 1,112.10",$ 54.20,3.7%,33,247,"$ 306,075.85",-17.3%,5.0%,-13.1%,-3.0%,N
363,288,EUCRISA,Skin - Inflammation,288,441,"$ 296,778.65",0.0%,$ 0.05,$ 663.93,$ 83.67,11.1%,431,601,"$ 383,206.90",-33.9%,4.8%,-30.7%,-22.6%,N
364,"1,156",RELYVRIO,Neurological Disorders,6,29,"$ 295,216.79",0.0%,$ 0.05,"$ 10,179.89","$ 2,408.28",19.1%,2,3,"$ 23,801.86",765.3%,28.3%,"1,010.4%","1,140.3%",Y
365,503,SPIRONOLACTONE,Fluid Retention,"7,419","27,090","$ 294,258.73",0.0%,$ 0.05,$ 5.95,$ 8.30,43.3%,"6,781","24,158","$ 160,239.14",0.6%,63.5%,64.4%,83.6%,N
366,257,QVAR REDIHALER,Asthma - COPD,552,"1,345","$ 288,433.53",0.0%,$ 0.05,$ 194.76,$ 45.15,17.4%,947,"2,197","$ 459,794.02",-47.6%,7.2%,-43.8%,-37.3%,N
367,261,GAZYVA,Oncology,10,41,"$ 287,125.34",0.0%,$ 0.05,"$ 7,003.06","$ 2,162.05",23.6%,13,65,"$ 447,942.50",-43.5%,1.6%,-42.6%,-35.9%,Y
368,652,ESTRADIOL,Hormone Therapy,"5,437","21,925","$ 285,840.46",0.0%,$ 0.05,$ 6.59,$ 7.81,37.5%,"5,282","20,972","$ 99,622.62",-5.2%,171.0%,156.9%,186.9%,N
369,418,BROMPHENIRAMINE-PSEUDOEPHED-DM,Cough - Cold,"18,694","21,578","$ 284,946.51",0.0%,$ 0.05,$ 13.21,$ 6.09,31.6%,"22,587","26,558","$ 213,490.76",-27.3%,64.3%,19.5%,33.5%,N
370,387,NP THYROID,Endocrine Disorders,"1,732","8,071","$ 284,040.31",0.0%,$ 0.05,$ 20.35,$ 17.75,33.5%,"1,332","6,063","$ 242,533.25",13.0%,-7.2%,4.8%,17.1%,N
371,415,DOTTI,Hormone Therapy,702,"2,855","$ 282,560.59",0.0%,$ 0.05,$ 66.39,$ 8.01,7.5%,530,"2,268","$ 216,701.03",13.0%,3.3%,16.7%,30.4%,N
372,318,KINERET,Inflammatory Disorder,11,77,"$ 279,216.48",0.0%,$ 0.05,"$ 3,534.39",$ 999.81,21.6%,15,89,"$ 339,715.06",-20.5%,-7.4%,-26.4%,-17.8%,Y
373,289,PULMOZYME,Lung Disorders,16,95,"$ 276,870.46",0.0%,$ 0.05,"$ 2,914.43","$ 1,032.53",26.2%,17,109,"$ 378,681.77",-22.0%,-16.1%,-34.5%,-26.9%,Y
374,280,SPINRAZA,Neuromuscular Disorders,1,5,"$ 275,603.77",0.0%,$ 0.05,"$ 55,120.75",$ 739.00,1.3%,1,5,"$ 403,485.60",-10.5%,-31.7%,-38.8%,-31.7%,Y
375,278,LORBRENA,Oncology,2,15,"$ 274,754.70",0.0%,$ 0.05,"$ 18,316.98","$ 3,295.47",15.2%,4,25,"$ 407,009.65",-46.3%,12.5%,-39.6%,-32.5%,Y
376,413,DROSPIRENONE-ETHINYL ESTRADIOL,Contraceptives,"1,365","5,299","$ 272,504.22",0.0%,$ 0.05,$ 26.89,$ 0.04,0.1%,"1,279","5,233","$ 217,826.37",-5.0%,17.9%,12.0%,25.1%,N
377,324,HYQVIA,Immunological Disorders,5,64,"$ 270,190.21",0.0%,$ 0.05,"$ 4,221.72","$ 1,605.45",27.6%,7,88,"$ 337,361.43",-34.9%,10.1%,-28.3%,-19.9%,Y
378,349,NEBIVOLOL HCL,Hypertension,"1,619","6,698","$ 268,507.30",0.0%,$ 0.05,$ 19.39,$ 12.55,23.8%,"1,454","6,048","$ 299,090.78",-0.7%,-19.1%,-19.6%,-10.2%,N
379,607,RELISTOR,Constipation,33,114,"$ 268,386.26",0.0%,$ 0.05,"$ 2,354.27",$ 81.99,3.4%,22,56,"$ 111,212.87",82.2%,18.5%,116.0%,141.3%,N
380,575,REBLOZYL,Blood Cell Disorders,1,10,"$ 267,679.51",0.0%,$ 0.05,"$ 26,767.95",$ 340.79,1.3%,1,4,"$ 124,407.98",123.8%,-13.9%,92.6%,115.2%,Y
381,616,WINLEVI,Acne,408,609,"$ 266,565.44",0.0%,$ 0.05,$ 433.44,$ 112.70,20.5%,213,282,"$ 108,743.56",95.2%,12.4%,119.5%,145.1%,N
382,381,ABILIFY MAINTENA,Psychiatric Disorders,17,111,"$ 265,367.18",0.0%,$ 0.05,"$ 2,390.70",$ 96.57,3.9%,16,113,"$ 250,676.75",-13.6%,9.7%,-5.2%,5.9%,Y
383,467,PRAVASTATIN SODIUM,Cholesterol - Statins,"4,240","16,095","$ 265,277.54",0.0%,$ 0.05,$ 7.54,$ 1.70,9.4%,"4,590","17,673","$ 182,557.81",-17.4%,57.5%,30.1%,45.3%,N
384,0,POTELIGEO,Oncology,1,10,"$ 260,766.00",0.0%,$ 0.05,"$ 26,076.60",$ 0.00,0.0%,0,0,$ 0.00,,,,,Y
385,430,FIASP FLEXTOUCH,Diabetes,84,288,"$ 259,285.79",0.0%,$ 0.05,$ 550.50,$ 76.32,7.8%,72,223,"$ 205,712.95",11.6%,1.2%,12.8%,26.0%,N
386,803,ZEPZELCA,Oncology,4,21,"$ 258,446.56",0.0%,$ 0.05,"$ 12,306.98","$ 1,767.86",12.6%,1,12,"$ 63,368.00",56.7%,133.1%,265.1%,307.9%,Y
387,366,MYCOPHENOLIC ACID,Immunological Disorders,79,426,"$ 257,603.88",0.0%,$ 0.05,$ 377.17,$ 11.51,1.9%,74,405,"$ 272,847.98",-6.4%,-9.7%,-15.5%,-5.6%,N
388,336,FLUOXETINE HCL,Depression,"8,615","36,721","$ 257,311.03",0.0%,$ 0.05,$ 3.94,$ 5.76,45.1%,"8,106","34,484","$ 319,496.57",-4.4%,-24.6%,-27.9%,-19.5%,N
389,304,FEBUXOSTAT,Gout,231,900,"$ 256,996.08",0.0%,$ 0.05,$ 138.69,$ 14.55,4.8%,236,"1,008","$ 358,890.92",-17.5%,-22.3%,-35.9%,-28.4%,N
390,"1,258",VABYSMO,Eye Disorders,32,140,"$ 256,108.95",0.0%,$ 0.05,"$ 1,829.35",$ 410.02,18.3%,4,10,"$ 19,057.52","1,153.4%",-4.0%,"1,103.1%","1,243.9%",Y
391,385,HERCEPTIN,Oncology,2,17,"$ 255,435.94",0.0%,$ 0.05,"$ 15,025.64",$ 30.52,0.2%,2,18,"$ 246,657.12",-15.4%,9.7%,-7.3%,3.6%,Y
392,529,VALSARTAN,Hypertension,"2,331","9,308","$ 255,228.44",0.0%,$ 0.05,$ 13.07,$ 10.02,26.8%,"2,019","7,918","$ 144,484.79",9.1%,45.0%,58.1%,76.6%,N
393,317,ANORO ELLIPTA,Asthma - COPD,122,535,"$ 255,044.73",0.0%,$ 0.05,$ 396.65,$ 50.21,9.5%,162,720,"$ 340,426.83",-34.6%,2.5%,-32.9%,-25.1%,N
394,"1,086",NUZYRA,Bacterial Infections,17,30,"$ 253,875.73",0.0%,$ 0.04,"$ 8,462.52",$ 151.08,1.8%,4,6,"$ 28,357.30",347.6%,79.1%,701.5%,795.3%,N
395,484,CYCLOSPORINE,Eye Disorders,246,358,"$ 252,302.48",0.0%,$ 0.04,$ 380.55,$ 8.43,1.2%,158,237,"$ 173,918.03",48.4%,-12.5%,29.9%,45.1%,N
396,424,URSODIOL,Gastrointestinal Disorders,264,841,"$ 251,366.52",0.0%,$ 0.04,$ 171.11,$ 21.59,6.7%,223,736,"$ 211,094.09",3.0%,3.5%,6.6%,19.1%,N
397,244,ABIRATERONE ACETATE,Oncology,33,248,"$ 251,346.37",0.0%,$ 0.04,"$ 1,013.49",$ 53.88,5.0%,26,174,"$ 479,620.84",27.6%,-63.2%,-53.1%,-47.6%,Y
398,528,AMOXICILLIN-CLAVULANATE POTASS,Bacterial Infections,"47,226","58,956","$ 250,773.78",0.0%,$ 0.04,$ 4.25,$ 5.05,54.3%,"39,862","49,143","$ 144,741.22",7.4%,44.4%,55.1%,73.3%,N
399,433,EGRIFTA SV,Growth Disorders,5,39,"$ 250,283.69",0.0%,$ 0.04,"$ 6,417.53",$ 478.55,6.9%,5,32,"$ 203,856.19",2.7%,7.0%,9.9%,22.8%,Y
400,363,ORENITRAM ER,Pulmonary Hypertension,2,22,"$ 249,828.84",0.0%,$ 0.04,"$ 11,355.86","$ 4,663.39",29.1%,2,30,"$ 276,511.29",-34.3%,23.2%,-19.1%,-9.6%,Y
401,370,SOMAVERT,Growth Disorders,3,26,"$ 248,929.32",0.0%,$ 0.04,"$ 9,574.20","$ 2,862.12",23.0%,3,27,"$ 269,478.98",-13.8%,-4.1%,-17.3%,-7.6%,Y
402,470,SLYND,Contraceptives,287,"1,074","$ 247,868.92",0.0%,$ 0.04,$ 158.18,$ 36.20,13.6%,215,772,"$ 181,314.20",22.2%,0.2%,22.4%,36.7%,N
403,"1,134",KOVALTRY,Bleeding Disorders,1,23,"$ 247,804.23",0.0%,$ 0.04,"$ 10,774.10",$ 869.57,7.5%,2,13,"$ 25,361.98",58.4%,452.3%,774.7%,877.1%,Y
404,441,LOSARTAN POTASSIUM,Hypertension,"15,857","63,535","$ 247,726.16",0.0%,$ 0.04,$ 1.80,$ 7.45,65.7%,"15,126","60,099","$ 197,147.17",-4.3%,17.6%,12.5%,25.7%,N
405,256,ESOMEPRAZOLE MAGNESIUM,Proton Pump Inhibitors,"2,210","5,550","$ 247,025.20",0.0%,$ 0.04,$ 23.90,$ 8.78,16.5%,"2,868","12,012","$ 460,382.28",-58.3%,15.1%,-52.0%,-46.3%,N
406,472,FIASP,Diabetes,48,217,"$ 246,326.59",0.0%,$ 0.04,$ 623.61,$ 95.05,7.7%,49,153,"$ 180,421.02",12.3%,8.9%,22.2%,36.5%,N
407,373,ALPROLIX,Bleeding Disorders,2,27,"$ 245,712.45",0.0%,$ 0.04,"$ 9,100.46",$ 964.37,9.6%,1,24,"$ 258,216.65",0.7%,-15.4%,-14.8%,-4.8%,Y
408,454,LOTEPREDNOL ETABONATE,Eye Disorders,833,"1,165","$ 245,119.41",0.0%,$ 0.04,$ 207.03,$ 8.91,4.1%,709,935,"$ 189,008.11",11.2%,4.4%,16.1%,29.7%,N
409,397,LYUMJEV KWIKPEN U-100,Diabetes,94,329,"$ 244,939.46",0.0%,$ 0.04,$ 557.95,$ 39.03,5.0%,78,314,"$ 229,792.20",-1.0%,-3.6%,-4.6%,6.6%,N
410,426,COMBIPATCH,Hormone Therapy,226,969,"$ 244,147.27",0.0%,$ 0.04,$ 180.72,$ 60.31,19.3%,197,856,"$ 210,020.73",0.6%,3.4%,4.1%,16.2%,N
411,330,EVRYSDI,Neuromuscular Disorders,1,15,"$ 243,764.40",0.0%,$ 0.04,"$ 16,250.96","$ 6,964.70",30.0%,1,16,"$ 328,177.84",-16.1%,-20.8%,-33.5%,-25.7%,Y
412,369,PREMARIN,Vaginal Disorders,447,674,"$ 242,163.17",0.0%,$ 0.04,$ 211.31,$ 70.00,16.3%,504,775,"$ 269,934.41",-16.7%,-3.6%,-19.7%,-10.3%,N
413,298,TUKYSA,Oncology,3,13,"$ 237,304.99",0.0%,$ 0.04,"$ 18,254.23","$ 3,540.75",16.2%,5,39,"$ 367,341.03",-70.2%,93.8%,-42.2%,-35.4%,Y
414,451,CLARAVIS,Acne,512,"1,364","$ 237,173.56",0.0%,$ 0.04,$ 173.88,$ 10.32,5.6%,457,"1,249","$ 190,538.06",-2.2%,14.0%,11.4%,24.5%,N
415,291,PREZISTA,HIV Infection,19,84,"$ 237,140.91",0.0%,$ 0.04,"$ 1,927.97",$ 119.58,4.1%,25,142,"$ 376,084.01",-46.5%,5.6%,-43.5%,-36.9%,N
416,309,VALSARTAN-HYDROCHLOROTHIAZIDE,Hypertension,"1,529","6,177","$ 237,040.23",0.0%,$ 0.04,$ 17.36,$ 10.50,21.5%,"1,487","6,022","$ 350,180.09",-7.8%,-34.3%,-39.4%,-32.3%,N
417,619,ERBITUX,Oncology,6,78,"$ 237,015.95",0.0%,$ 0.04,"$ 3,038.67",$ 591.16,16.3%,6,39,"$ 108,134.32",79.1%,9.6%,96.2%,119.2%,Y
418,352,AURYXIA,Electrolyte Balance,46,175,"$ 236,217.66",0.0%,$ 0.04,"$ 1,098.69",$ 69.95,4.9%,51,211,"$ 297,424.31",-27.4%,-2.1%,-28.9%,-20.6%,N
419,265,SUPPRELIN LA,Oncology,3,3,"$ 235,951.50",0.0%,$ 0.04,"$ 47,190.30","$ 1,179.56",1.5%,6,8,"$ 442,577.52",-55.2%,6.6%,-52.3%,-46.7%,Y
420,496,ZENATANE,Acne,477,"1,285","$ 234,689.80",0.0%,$ 0.04,$ 182.64,$ 7.32,3.9%,327,978,"$ 164,489.39",17.6%,8.6%,27.7%,42.7%,N
421,328,VIVITROL,Chemical Dependency,55,179,"$ 234,681.67",0.0%,$ 0.04,"$ 1,311.07",$ 182.88,12.2%,64,253,"$ 330,677.28",-36.7%,0.3%,-36.5%,-29.0%,Y
422,449,MYCOPHENOLATE MOFETIL,Immunological Disorders,412,"1,839","$ 233,789.15",0.0%,$ 0.04,$ 75.37,$ 9.04,6.6%,379,"1,754","$ 192,318.67",-5.6%,15.3%,8.8%,21.6%,N
423,377,LILETTA,Contraceptives,271,278,"$ 233,611.74",0.0%,$ 0.04,$ 840.33,$ 12.28,1.4%,299,300,"$ 253,605.12",-17.0%,-0.6%,-17.5%,-7.9%,Y
424,504,PROVENGE,Oncology,2,3,"$ 233,460.00",0.0%,$ 0.04,"$ 77,820.00",$ 0.00,0.0%,1,3,"$ 160,217.01",-10.5%,45.7%,30.5%,45.7%,Y
425,404,MEKINIST,Oncology,7,30,"$ 232,369.87",0.0%,$ 0.04,"$ 7,745.66","$ 2,377.09",23.5%,5,29,"$ 226,505.75",-7.4%,-0.8%,-8.2%,2.6%,Y
426,620,ESCITALOPRAM OXALATE,Depression,"15,658","61,965","$ 231,188.97",0.0%,$ 0.04,$ 1.99,$ 6.33,62.9%,"15,327","60,432","$ 107,987.68",-7.0%,106.2%,91.7%,114.1%,N
427,407,VARENICLINE TARTRATE,Smoking Cessation,249,613,"$ 231,032.48",0.0%,$ 0.04,$ 323.57,$ 4.47,1.2%,255,592,"$ 223,507.83",-7.4%,-0.1%,-7.5%,3.4%,N
428,498,GABAPENTIN,Anti-Convulsants,"11,475","41,531","$ 230,497.69",0.0%,$ 0.04,$ 4.26,$ 5.79,51.1%,"11,057","41,607","$ 162,793.67",-11.3%,42.9%,26.8%,41.6%,N
429,763,VYVGART,Neuromuscular Disorders,2,32,"$ 230,069.08",0.0%,$ 0.04,"$ 7,189.66",$ 68.61,0.9%,1,4,"$ 71,976.00",616.2%,-60.0%,186.2%,219.6%,Y
430,532,LORYNA,Contraceptives,"1,017","3,532","$ 227,939.49",0.0%,$ 0.04,$ 30.08,$ 0.03,0.1%,756,"2,825","$ 142,256.61",17.0%,22.6%,43.4%,60.2%,N
431,485,OLMESARTAN-HYDROCHLOROTHIAZIDE,Hypertension,"1,222","4,863","$ 227,596.80",0.0%,$ 0.04,$ 21.68,$ 13.04,21.8%,"1,139","4,320","$ 173,456.31",-2.5%,20.5%,17.5%,31.2%,N
432,478,XGEVA,Osteoporosis,10,42,"$ 225,662.55",0.0%,$ 0.04,"$ 5,372.92",$ 93.64,1.7%,8,38,"$ 178,444.72",-1.1%,14.4%,13.2%,26.5%,Y
433,332,ADVATE,Bleeding Disorders,8,49,"$ 225,523.79",0.0%,$ 0.04,"$ 4,602.53",$ 837.43,15.4%,13,73,"$ 325,351.20",-39.9%,3.3%,-37.9%,-30.7%,Y
434,384,COLCHICINE,Gout,"2,122","4,793","$ 224,433.43",0.0%,$ 0.04,$ 36.11,$ 9.49,16.8%,"1,994","4,406","$ 247,700.43",-2.2%,-17.1%,-18.9%,-9.4%,N
435,"1,575",BIVIGAM,Immunological Disorders,3,28,"$ 224,336.40",0.0%,$ 0.04,"$ 8,012.01",$ 0.00,0.0%,1,1,"$ 8,458.80","2,406.1%",-5.3%,"2,274.3%","2,552.1%",Y
436,355,APTIOM,Anti-Convulsants,17,112,"$ 222,519.74",0.0%,$ 0.04,"$ 1,444.93",$ 68.78,3.3%,25,204,"$ 292,009.90",-39.5%,12.8%,-31.8%,-23.8%,N
437,659,QELBREE,Attention Deficit,144,494,"$ 222,505.26",0.0%,$ 0.04,$ 389.00,$ 74.02,14.1%,84,241,"$ 98,014.71",89.0%,7.6%,103.2%,127.0%,N
438,758,SUCRALFATE,Acid Reflux - Ulcers - Misc,"3,017","5,215","$ 221,986.52",0.0%,$ 0.04,$ 37.08,$ 6.50,13.2%,"2,706","4,590","$ 72,879.35",-0.2%,173.4%,172.7%,204.6%,N
439,390,ELURYNG,Contraceptives,314,"1,168","$ 221,928.65",0.0%,$ 0.04,$ 109.81,$ 0.02,0.0%,439,"1,203","$ 237,493.78",-14.7%,-1.9%,-16.3%,-6.6%,N
440,507,KEVZARA,Inflammatory Disorder,15,67,"$ 220,997.99",0.0%,$ 0.04,"$ 3,298.48",$ 783.84,19.2%,7,54,"$ 158,922.17",11.1%,12.1%,24.5%,39.1%,Y
441,999,MOZOBIL,Blood Cell Disorders,5,7,"$ 220,849.31",0.0%,$ 0.04,"$ 31,549.90",$ 204.34,0.6%,2,3,"$ 35,563.45",108.9%,166.1%,456.0%,521.0%,Y
442,801,KORLYM,Endocrine Disorders,2,5,"$ 216,900.51",0.0%,$ 0.04,"$ 43,380.10",$ 150.00,0.3%,1,2,"$ 63,553.13",123.8%,36.5%,205.5%,241.3%,Y
443,401,LONSURF,Oncology,3,15,"$ 216,394.64",0.0%,$ 0.04,"$ 14,426.31","$ 2,854.93",16.5%,4,28,"$ 227,960.75",-52.0%,77.2%,-15.0%,-5.1%,Y
444,584,METHYLPREDNISOLONE,Inflammatory - Corticosteroids,"39,849","50,426","$ 215,371.23",0.0%,$ 0.04,$ 4.27,$ 5.52,56.4%,"38,477","48,317","$ 120,706.87",-6.6%,71.0%,59.7%,78.4%,N
445,414,T:SLIM X2 CONTROL-IQ,Diabetic Testing,22,22,"$ 214,986.53",0.0%,$ 0.04,"$ 9,772.12",$ 35.68,0.4%,22,22,"$ 216,874.24",-10.5%,-0.9%,-11.3%,-0.9%,N
446,547,ZAFEMY,Contraceptives,387,"1,418","$ 213,210.32",0.0%,$ 0.04,$ 106.93,$ 0.04,0.0%,284,909,"$ 135,320.91",49.4%,-5.6%,41.1%,57.6%,N
447,391,ELMIRON,Urological Disorders,45,247,"$ 212,292.93",0.0%,$ 0.04,$ 807.20,$ 43.26,4.8%,57,303,"$ 236,013.23",-26.2%,9.1%,-19.5%,-10.1%,N
448,738,POLIVY,Oncology,2,8,"$ 212,187.50",0.0%,$ 0.04,"$ 26,523.44",$ 0.00,0.0%,1,5,"$ 76,420.93",43.2%,73.5%,148.6%,177.7%,Y
449,344,AVONEX,Multiple Sclerosis,4,34,"$ 212,001.68",0.0%,$ 0.04,"$ 6,235.34","$ 1,466.75",19.0%,6,57,"$ 306,566.18",-46.6%,15.9%,-38.1%,-30.8%,Y
450,565,TRAZODONE HCL,Depression,"10,610","37,735","$ 211,840.75",0.0%,$ 0.04,$ 3.23,$ 5.39,49.0%,"9,771","34,448","$ 127,935.14",-2.5%,52.1%,48.2%,65.6%,N
451,784,ERIVEDGE,Oncology,4,24,"$ 211,546.18",0.0%,$ 0.04,"$ 8,814.42","$ 3,522.83",28.6%,2,7,"$ 66,023.49",206.9%,-6.5%,186.8%,220.4%,Y
452,452,HUMATE-P,Bleeding Disorders,13,41,"$ 211,059.39",0.0%,$ 0.04,"$ 5,147.79",$ 707.37,12.1%,5,21,"$ 190,242.05",74.8%,-43.2%,-0.7%,10.9%,Y
453,541,BUSPIRONE HCL,Anxiety,"8,110","26,286","$ 210,313.28",0.0%,$ 0.04,$ 5.32,$ 6.32,44.1%,"7,176","23,359","$ 138,784.14",3.1%,31.6%,35.7%,51.5%,N
454,554,XCOPRI,Anti-Convulsants,23,165,"$ 210,229.21",0.0%,$ 0.04,"$ 1,136.37",$ 67.74,5.0%,14,107,"$ 131,428.28",36.9%,4.6%,43.2%,60.0%,N
455,437,VEMLIDY,Viral Infection - Misc,21,125,"$ 209,888.24",0.0%,$ 0.04,"$ 1,272.05",$ 95.05,5.4%,20,131,"$ 199,516.10",-12.6%,7.7%,-5.8%,5.2%,N
456,596,TAVNEOS,Blood Cell Disorders,2,15,"$ 209,558.92",0.0%,$ 0.04,"$ 13,970.59",$ 727.64,5.0%,2,9,"$ 115,280.73",49.2%,9.1%,62.7%,81.8%,Y
457,380,FORTEO,Osteoporosis,12,65,"$ 209,412.89",0.0%,$ 0.04,"$ 3,221.74",$ 890.98,21.7%,14,77,"$ 251,086.56",-24.4%,-1.2%,-25.3%,-16.6%,Y
458,463,BAQSIMI,Diabetes,316,466,"$ 209,351.02",0.0%,$ 0.04,$ 437.97,$ 32.42,6.7%,269,405,"$ 183,448.15",1.9%,0.3%,2.2%,14.1%,N
459,443,OLMESARTAN MEDOXOMIL,Hypertension,"2,230","8,572","$ 209,345.92",0.0%,$ 0.04,$ 11.28,$ 12.94,34.6%,"2,003","7,723","$ 195,209.89",2.1%,-6.0%,-4.0%,7.2%,N
460,512,TAXOTERE,Oncology,90,368,"$ 209,065.58",0.0%,$ 0.04,$ 568.11,$ 8.00,1.4%,86,401,"$ 154,925.02",-17.8%,47.0%,20.8%,34.9%,Y
461,337,OXALIPLATIN,Oncology,104,911,"$ 207,976.14",0.0%,$ 0.04,$ 228.29,$ 1.09,0.5%,107,"1,035","$ 318,953.79",-21.2%,-25.9%,-41.6%,-34.8%,Y
462,"1,582",ARRANON,Oncology,1,10,"$ 207,397.96",0.0%,$ 0.04,"$ 20,739.80",$ 47.05,0.2%,1,1,"$ 8,372.32",795.0%,147.7%,"2,117.7%","2,377.2%",Y
463,479,LIDOCAINE,Anesthesia,"1,507","2,973","$ 206,949.94",0.0%,$ 0.04,$ 68.37,$ 6.55,8.6%,"1,406","2,878","$ 177,966.05",-7.6%,12.6%,4.1%,16.3%,N
464,320,SILDENAFIL CITRATE,Erectile Dysfunction,"1,181","4,091","$ 206,628.72",0.0%,$ 0.04,$ 47.35,$ 14.65,22.5%,"1,139","3,681","$ 338,498.69",-1.5%,-44.5%,-45.4%,-39.0%,N
465,435,ISENTRESS,HIV Infection,20,67,"$ 206,566.52",0.0%,$ 0.04,"$ 1,828.02",$ 68.54,2.2%,22,95,"$ 201,059.77",-21.0%,16.4%,-8.0%,2.7%,N
466,610,AZITHROMYCIN,Bacterial Infections,"56,818","73,562","$ 206,511.27",0.0%,$ 0.04,$ 2.80,$ 3.55,55.8%,"60,773","81,145","$ 110,190.83",-18.8%,106.7%,67.8%,87.4%,N
467,570,VALTOCO,Anti-Convulsants,162,264,"$ 205,780.89",0.0%,$ 0.04,$ 779.47,$ 68.62,8.1%,119,180,"$ 125,079.86",31.3%,12.2%,47.3%,64.5%,N
468,396,TOLTERODINE TARTRATE ER,Incontinence - Anticholinergic,425,"1,453","$ 205,548.21",0.0%,$ 0.04,$ 75.10,$ 10.54,6.9%,446,"1,614","$ 230,669.86",-16.7%,-4.2%,-20.2%,-10.9%,N
469,319,MOMETASONE FUROATE,Allergies,660,"1,252","$ 204,477.41",0.0%,$ 0.04,$ 87.91,$ 18.87,10.4%,"1,698","3,355","$ 339,321.87",-58.6%,30.2%,-46.1%,-39.7%,N
470,456,NANO 2ND GEN PEN NEEDLE,Supplies,"1,172","2,706","$ 201,165.56",0.0%,$ 0.04,$ 40.35,$ 13.53,15.4%,"1,168","2,778","$ 188,210.51",-12.8%,9.8%,-4.3%,6.9%,N
471,495,OLMESARTAN-AMLODIPINE-HCTZ,Hypertension,273,"1,043","$ 200,844.53",0.0%,$ 0.04,$ 92.77,$ 14.27,6.9%,248,920,"$ 165,009.67",-4.0%,13.5%,9.0%,21.7%,N
472,269,VELCADE,Oncology,31,652,"$ 198,894.17",0.0%,$ 0.04,$ 305.05,$ 3.48,1.1%,23,470,"$ 435,455.43",24.2%,-67.1%,-59.1%,-54.3%,Y
473,423,DAPSONE,Acne,290,471,"$ 198,274.72",0.0%,$ 0.04,$ 388.01,$ 23.88,5.4%,319,466,"$ 211,163.33",-7.0%,-9.6%,-15.9%,-6.1%,N
474,431,CARVEDILOL ER,Hypertension,96,444,"$ 197,234.70",0.0%,$ 0.03,$ 219.64,$ 13.27,2.9%,106,426,"$ 205,424.57",-15.0%,1.1%,-14.0%,-4.0%,N
475,420,FINTEPLA,Anti-Convulsants,3,28,"$ 197,206.58",0.0%,$ 0.03,"$ 7,043.09","$ 3,016.41",30.0%,2,23,"$ 213,083.46",9.0%,-24.0%,-17.1%,-7.5%,Y
476,497,LACOSAMIDE,Anti-Convulsants,247,"1,672","$ 196,687.23",0.0%,$ 0.03,$ 92.08,$ 9.43,7.4%,192,"1,008","$ 163,735.85",52.1%,-29.3%,7.5%,20.1%,N
477,276,ZIEXTENZO,Blood Cell Disorders,16,60,"$ 196,105.69",0.0%,$ 0.03,"$ 3,268.43",$ 437.10,11.8%,30,109,"$ 408,411.08",-50.7%,-12.8%,-57.0%,-52.0%,Y
478,422,LEVEMIR,Diabetes,78,314,"$ 195,179.50",0.0%,$ 0.03,$ 466.94,$ 43.95,6.6%,87,346,"$ 211,853.14",-19.5%,2.5%,-17.5%,-7.9%,N
479,323,PREGABALIN,Anti-Convulsants,"2,582","10,619","$ 194,976.57",0.0%,$ 0.03,$ 15.34,$ 8.08,30.6%,"2,303","9,595","$ 337,777.58",-3.7%,-46.4%,-48.3%,-42.3%,N
480,425,HUMULIN R U-500,Diabetes,21,99,"$ 194,743.29",0.0%,$ 0.03,"$ 1,194.74",$ 49.24,2.4%,23,126,"$ 210,361.80",-20.7%,4.5%,-17.1%,-7.4%,N
481,492,APLENZIN,Depression,8,49,"$ 194,389.49",0.0%,$ 0.03,"$ 2,901.34",$ 139.80,3.4%,7,40,"$ 168,068.45",-9.1%,13.9%,3.5%,15.7%,N
482,308,NINLARO,Oncology,3,19,"$ 193,625.33",0.0%,$ 0.03,"$ 10,190.81","$ 1,939.42",16.0%,4,34,"$ 351,576.82",-50.0%,-1.4%,-50.7%,-44.9%,Y
483,383,LUBIPROSTONE,Constipation,236,617,"$ 192,363.16",0.0%,$ 0.03,$ 205.08,$ 10.96,3.4%,176,546,"$ 249,315.22",-8.4%,-24.6%,-30.9%,-22.8%,N
484,242,CAPECITABINE,Oncology,69,322,"$ 191,722.16",0.0%,$ 0.03,$ 595.41,$ 5.71,1.0%,88,427,"$ 486,144.23",-32.5%,-47.7%,-64.7%,-60.6%,Y
485,393,NUCYNTA,Pain - Opioids,53,302,"$ 190,829.25",0.0%,$ 0.03,$ 631.88,$ 56.08,8.2%,68,387,"$ 235,387.57",-30.1%,3.9%,-27.4%,-18.9%,N
486,353,VELPHORO,Electrolyte Balance,22,66,"$ 187,483.95",0.0%,$ 0.03,"$ 2,466.89",$ 56.16,1.9%,25,82,"$ 296,102.52",-39.3%,-6.7%,-43.3%,-36.7%,N
487,540,SARCLISA,Oncology,2,55,"$ 187,235.70",0.0%,$ 0.03,"$ 3,404.29",$ 454.55,11.8%,2,30,"$ 138,873.88",64.1%,-26.5%,20.7%,34.8%,Y
488,459,ESTROGEN-METHYLTESTOSTERONE,Hormone Therapy,310,"1,593","$ 187,044.10",0.0%,$ 0.03,$ 83.95,$ 7.21,5.8%,308,"1,653","$ 186,014.93",-8.9%,-1.2%,-10.0%,0.6%,N
489,0,VIJOICE,Enzyme Deficiency,3,7,"$ 186,841.77",0.0%,$ 0.03,"$ 26,691.68","$ 4,458.26",14.3%,0,0,$ 0.00,,,,,Y
490,450,ENOXAPARIN SODIUM,Anticoagulation,712,"1,224","$ 186,078.00",0.0%,$ 0.03,$ 150.06,$ 9.25,5.7%,711,"1,221","$ 191,298.34",-9.8%,-3.4%,-12.9%,-2.7%,N
491,465,ARMOUR THYROID,Endocrine Disorders,"1,501","7,333","$ 185,850.94",0.0%,$ 0.03,$ 13.15,$ 41.66,62.2%,"1,680","7,867","$ 182,825.23",-19.2%,12.7%,-9.0%,1.7%,N
492,514,QUILLIVANT XR,Attention Deficit,86,424,"$ 184,425.73",0.0%,$ 0.03,$ 418.20,$ 52.66,10.8%,80,371,"$ 153,213.54",4.4%,3.2%,7.8%,20.4%,N
493,471,NOVOLOG MIX 70-30 FLEXPEN,Diabetes,30,115,"$ 184,372.14",0.0%,$ 0.03,$ 873.80,$ 100.46,5.9%,34,124,"$ 180,899.32",-15.3%,7.7%,-8.8%,1.9%,N
494,525,BRIMONIDINE TARTRATE-TIMOLOL,Glaucoma,228,892,"$ 183,964.19",0.0%,$ 0.03,$ 140.32,$ 14.14,6.4%,199,609,"$ 146,112.20",32.0%,-14.6%,12.7%,25.9%,N
495,434,UCERIS,Inflammatory - Corticosteroids,39,97,"$ 182,298.78",0.0%,$ 0.03,"$ 1,642.33",$ 13.83,0.7%,50,108,"$ 201,699.19",-17.2%,-2.3%,-19.1%,-9.6%,N
496,778,LEQVIO,Cholesterol - PCSK9,32,49,"$ 182,130.50",0.0%,$ 0.03,"$ 3,716.95",$ 171.21,4.4%,14,19,"$ 66,935.18",130.9%,5.5%,143.6%,172.1%,Y
497,438,STIOLTO RESPIMAT,Asthma - COPD,91,357,"$ 181,759.88",0.0%,$ 0.03,$ 390.88,$ 56.09,9.9%,91,412,"$ 198,658.69",-20.3%,2.7%,-18.1%,-8.5%,N
498,517,AMLODIPINE BESYLATE-BENAZEPRIL,Hypertension,"1,891","7,768","$ 181,658.02",0.0%,$ 0.03,$ 10.24,$ 9.44,28.8%,"1,981","8,312","$ 151,413.57",-15.0%,26.3%,7.4%,20.0%,N
499,640,BESREMI,Immunological Disorders,1,13,"$ 180,295.27",0.0%,$ 0.03,"$ 13,868.87",$ 652.77,4.5%,1,9,"$ 102,485.38",29.3%,21.8%,57.5%,75.9%,Y
500,487,SUMATRIPTAN SUCCINATE,Migraine,"4,087","13,182","$ 180,074.85",0.0%,$ 0.03,$ 13.44,$ 5.19,27.5%,"4,074","13,004","$ 170,211.98",-10.0%,5.2%,-5.3%,5.8%,N
